Pick,Player,Team,Draft Trades,Pos,HT,WT,Age,YOS,Pre-Draft Team,Class,Nationality,year
1, Blake Griffin, LAC, , PF, 6-10, 250, 20, 9, Oklahoma, So , United States,2009
2, Hasheem Thabeet, MEM, , C, 7-3, 265, 22, 5, Connecticut, Jr , Tanzania,2009
3, James Harden, OKC, , SG, 6-5, 220, 19, 9, Arizona State, So , United States,2009
4, Tyreke Evans, SAC, , G, 6-6, 220, 19, 9, Memphis, Fr , United States,2009
5, Ricky Rubio, MIN, , G, 6-4, 190, 18, 7, Divina Seguros Joventut (Spain), 1990 DOB , Spain,2009
6, Jonny Flynn, MIN, , PG, 5-10, 196, 20, 3, Syracuse, So , United States,2009
7, Stephen Curry, GOS, , G, 6-3, 190, 21, 9, Davidson, Jr , United States,2009
8, Jordan Hill, NYK, , PF, 6-10, 240, 21, 8, Arizona, Jr , United States,2009
9, DeMar DeRozan, TOR, , GF, 6-7, 220, 19, 9, USC, Fr , United States,2009
10, Brandon Jennings, MIL, , G, 6-1, 170, 19, 9, Virtus Roma (Italy), 1989 DOB, United States,2009
11, Terrence Williams, NJN, , GF, 6-6, 220, 21, 4, Louisville, Sr, United States,2009
12, Gerald Henderson, CHA, , SG, 6-5, 215, 21, 8, Duke, Jr , United States,2009
13, Tyler Hansbrough, IND, , PF, 6-9, 250, 23, 7, North Carolina, Sr, United States,2009
14, Earl Clark, PHX, , F, 6-10, 234, 21, 6, Louisville, Jr , United States,2009
15, Austin Daye, DET, , F, 6-11, 220, 21, 6, Gonzaga, So , United States,2009
16, James Johnson, CHI, , F, 6-9, 240, 22, 9, Wake Forest, So , United States,2009
17, Jrue Holiday, PHL, , G, 6-4, 205, 19, 9, UCLA, Fr , United States,2009
18, Ty Lawson, MIN, MIN to DEN, PG, 5-11, 195, 21, 9, North Carolina, Jr , United States,2009
19, Jeff Teague, ATL, , PG, 6-2, 186, 21, 9, Wake Forest, So , United States,2009
20, Eric Maynor, UTH, , G, 6-3, 175, 22, 5, VCU, Sr, United States,2009
21, Darren Collison, NOP, , PG, 6-0, 175, 21, 9, UCLA, Sr, United States,2009
22, Victor Claver, POR, , SF, 6-10, 235, 20, 3, Valencia Basket (Spain), 1988 DOB , Spain,2009
23, Omri Casspi, SAC, , F, 6-9, 225, 21, 9, Maccabi FOX Tel Aviv (Israel), 1988 DOB , Israel,2009
24, Byron Mullens, DAL, DAL to OKC, C, 7-0, 270, 20, 5, Ohio State, Fr , United States,2009
25, Rodrigue Beaubois, OKC, OKC to DAL, G, 6-1, 183, 21, 4, Cholet Basket (France), 1988 DOB , France,2009
26, Taj Gibson, CHI, , F, 6-9, 236, 24, 9, USC, Jr , United States,2009
27, DeMarre Carroll, MEM, , F, 6-8, 215, 22, 9, Missouri, Sr, United States,2009
28, Wayne Ellington, MIN, , SG, 6-5, 200, 21, 9, North Carolina, Jr , United States,2009
29, Toney Douglas, LAL, LAL to NYK, G, 6-2, 195, 23, 8, Florida State, Sr, United States,2009
30, Christian Eyenga, CLE, , GF, 6-7, 210, 20, 2, CB Prat Juventud (Spain), 1989 DOB , Democratic Republic of the Congo,2009
31, Jeff Ayres, SAC, SAC to POR, FC, 6-10, 240, 22, 6, Arizona State, Sr, United States,2009
32, Jermaine Taylor, WAS, WAS to HOU, G, 6-5, 205, 22, 2, UCF, Sr, United States,2009
33, Dante Cunningham, POR, , F, 6-8, 230, 22, 9, Villanova, Sr, United States,2009
34, Sergio Llull, DEN, DEN to HOU, PG, 6-3, 190, 21, 0, Real Madrid (Spain), 1987 DOB, Spain,2009
35, DaJuan Summers, DET, , PF, 6-8, 230, 21, 4, Georgetown, Jr , United States,2009
36, Sam Young, MEM, , F, 6-6, 225, 24, 4, Pittsburgh, Sr, United States,2009
37, DeJuan Blair, SAN, , F, 6-8, 270, 20, 7, Pittsburgh, So , United States,2009
38, Jon Brockman, POR, POR to SAC, PF, 6-7, 255, 22, 3, Washington, Sr, United States,2009
39, Jonas Jerebko, DET, , F, 6-10, 231, 22, 9, Pallacanestro Biella (Italy), 1987 DOB, Sweden,2009
40, Derrick Brown, CHA, , F, 6-7, 225, 21, 3, Xavier, Jr , United States,2009
41, Jodie Meeks, MIL, , G, 6-4, 210, 21, 9, Kentucky, Jr , United States,2009
42, Patrick Beverley, LAL, LAL to MIA, PG, 6-1, 185, 20, 6, Dnipro Dnipropetrovsk (Ukraine), 1988 DOB, United States,2009
43, Marcus Thornton, MIA, MIA to NOP, SG, 6-4, 205, 22, 8, LSU, Sr, United States,2009
44, Chase Budinger, DET, DET to HOU, GF, 6-7, 215, 21, 7, Arizona, Jr , United States,2009
45, Nick Calathes, MIN, MIN to DALDAL to MEM, PG, 6-6, 213, 20, 2, Florida, So , United States / Greece,2009
46, Danny Green, CLE, , SF, 6-6, 215, 22, 9, North Carolina, Sr, United States,2009
47, Henk Norel, MIN, , C, 7-0, 230, 21, 0, Divina Seguros Joventut (Spain), 1987 DOB, Netherlands,2009
48, Taylor Griffin, PHX, , F, 6-8, 235, 23, 1, Oklahoma, Sr, United States,2009
49, Sergii Gladyr, ATL, ATL to CLE, G, 6-5, 190, 20, 0, MBC Mykolaiv (Ukraine), 1988 DOB , Ukraine,2009
50, Goran Suton, UTH, , C, 6-8, 245, 23, 0, Michigan State, Sr, Bosnia and Herzegovina / United States,2009
51, Jack McClinton, SAN, , G, 6-1, 185, 24, 0, Miami (FL), Sr, United States,2009
52, A.J. Price, IND, , G, 6-2, 195, 22, 6, Connecticut, Sr, United States,2009
53, Nando De Colo, SAN, , G, 6-5, 195, 22, 2, Cholet Basket (France), 1987 DOB, France,2009
54, Robert Vaden, CHA, CHA to OKC, SG, 6-5, 220, 24, 1, UAB, Sr, United States,2009
55, Patty Mills, POR, , G, 6-0, 180, 20, 9, Saint Mary's, So , Australia,2009
56, Ahmad Nivins, DAL, DAL to NYK, F, 6-9, 207, 22, 0, Saint Joseph's, Sr, United States,2009
57, Emir Preldzic, PHX, PHX to CLECLE to WASWAS to DALDAL to INDIND to TORTOR to PHL, SF, 6-9, 220, 21, 0, Fenerbahce Ulker (Turkey), 1987 DOB, Turkey / Slovenia,2009
58, Lester Hudson, BOS, , G, 6-3, 190, 24, 4, Tennessee-Martin, Sr, United States,2009
59, Chinemelu Elonu, LAL, , C, 6-10, 235, 22, 0, Texas A&amp;M, Jr , Nigeria / United States,2009
60, Robert Dozier, MIA, , PF, 6-9, 215, 23, 0, Memphis, Sr, United States,2009
1, John Wall, WAS, , PG, 6-4, 210, 19, 8, Kentucky, Fr , United States,2010
2, Evan Turner, PHL, , GF, 6-7, 220, 21, 8, Ohio State, Jr , United States,2010
3, Derrick Favors, NJN, , FC, 6-10, 265, 18, 8, Georgia Tech, Fr , United States,2010
4, Wesley Johnson, MIN, , GF, 6-7, 215, 22, 8, Syracuse, Jr , United States,2010
5, DeMarcus Cousins, SAC, , C, 6-11, 270, 19, 8, Kentucky, Fr , United States,2010
6, Ekpe Udoh, GOS, , PF, 6-10, 245, 23, 6, Baylor, Jr , United States,2010
7, Greg Monroe, DET, , FC, 6-11, 265, 20, 8, Georgetown, So , United States,2010
8, Al-Farouq Aminu, LAC, , F, 6-9, 220, 19, 8, Wake Forest, So , United States / Nigeria,2010
9, Gordon Hayward, UTH, , GF, 6-8, 225, 20, 8, Butler, So , United States,2010
10, Paul George, IND, , GF, 6-9, 220, 20, 8, Fresno State, So , United States,2010
11, Cole Aldrich, NOP, NOP to OKC, C, 6-11, 253, 21, 8, Kansas, Jr , United States,2010
12, Xavier Henry, MEM, , G, 6-6, 220, 19, 5, Kansas, Fr , United States,2010
13, Ed Davis, TOR, , PF, 6-10, 225, 21, 8, North Carolina, So , United States,2010
14, Patrick Patterson, HOU, , F, 6-9, 230, 21, 8, Kentucky, Jr , United States,2010
15, Larry Sanders, MIL, , PF, 6-11, 235, 21, 6, VCU, Jr , United States,2010
16, Luke Babbitt, MIN, MIN to POR, SF, 6-9, 225, 21, 8, Nevada, So , United States,2010
17, Kevin Seraphin, CHI, CHI to WAS, FC, 6-10, 278, 20, 7, Cholet Basket (France), 1989 DOB , France,2010
18, Eric Bledsoe, OKC, OKC to LAC, PG, 6-1, 205, 20, 8, Kentucky, Fr , United States,2010
19, Avery Bradley, BOS, , PG, 6-2, 180, 19, 8, Texas, Fr , United States,2010
20, James Anderson, SAN, , GF, 6-6, 210, 21, 5, Oklahoma State, Jr , United States,2010
21, Craig Brackins, OKC, OKC to NOP, F, 6-10, 230, 22, 2, Iowa State, Jr , United States,2010
22, Elliot Williams, POR, , G, 6-5, 190, 21, 6, Memphis, So , United States,2010
23, Trevor Booker, MIN, MIN to WAS, PF, 6-8, 228, 22, 8, Clemson, Sr, United States,2010
24, Damion James, ATL, ATL to NJN, SF, 6-7, 225, 22, 4, Texas, Sr, United States,2010
25, Dominique Jones, MEM, MEM to DAL, G, 6-4, 215, 21, 3, South Florida, Jr , United States,2010
26, Quincy Pondexter, OKC, OKC to NOP, F, 6-7, 230, 22, 8, Washington, Sr, United States,2010
27, Jordan Crawford, NJN, NJN to ATL, G, 6-5, 195, 21, 6, Xavier, So , United States,2010
28, Greivis Vasquez, MEM, , G, 6-6, 217, 23, 7, Maryland, Sr, Venezuela,2010
29, Daniel Orton, ORL, , PF, 6-10, 255, 19, 4, Kentucky, Fr , United States,2010
30, Lazar Hayward, WAS, WAS to MIN, F, 6-6, 225, 23, 3, Marquette, Sr, United States,2010
31, Tibor Pleiss, NJN, NJN to ATLATL to OKCOKC to UTH, C, 7-3, 256, 20, 1, Brose Baskets Bamberg (Germany), 1989 DOB , Germany,2010
32, Dexter Pittman, MIA, , C, 6-11, 285, 22, 4, Texas, Sr, United States,2010
33, Hassan Whiteside, SAC, , C, 7-0, 265, 21, 6, Marshall, Fr , United States,2010
34, Armon Johnson, POR, , G, 6-2, 195, 21, 2, Nevada, Jr , United States,2010
35, Nemanja Bjelica, WAS, WAS to MIN, PF, 6-10, 234, 22, 3, KK Crvena Zvezda (Serbia), 1988 DOB, Serbia,2010
36, Terrico White, DET, , G, 6-5, 215, 20, 1, Ole Miss, So , United States,2010
37, Darington Hobson, MIL, , GF, 6-7, 210, 22, 2, New Mexico, Jr , United States,2010
38, Andy Rautins, NYK, , G, 6-4, 190, 23, 1, Syracuse, Sr, United States / Canada,2010
39, Landry Fields, NYK, , F, 6-7, 210, 21, 5, Stanford, Sr, United States,2010
40, Lance Stephenson, IND, , SG, 6-6, 230, 19, 8, Cincinnati, Fr , United States,2010
41, Jarvis Varnado, MIA, , FC, 6-9, 230, 22, 2, Mississippi State, Sr, United States,2010
42, Da'Sean Butler, MIA, , F, 6-7, 230, 22, 1, West Virginia, Sr, United States,2010
43, Devin Ebanks, LAL, , F, 6-9, 215, 20, 3, West Virginia, So , United States,2010
44, Jerome Jordan, MIL, MIL to NYK, C, 7-0, 253, 23, 2, Tulsa, Sr, Jamaica,2010
45, Paulao Prestes, MIN, , C, 6-11, 260, 22, 0, UCAM Murcia (Spain), 1988 DOB, Brazil,2010
46, Gani Lawal, PHX, , F, 6-9, 234, 21, 1, Georgia Tech, Jr , United States / Nigeria,2010
47, Tiny Gallon, MIL, , C, 6-9, 290, 19, 0, Oklahoma, Fr , United States,2010
48, Latavious Williams, MIA, MIA to OKCOKC to NOP, F, 6-8, 225, 21, 0, Tulsa 66ers, 1989 DOB, United States,2010
49, Ryan Richards, SAN, , FC, 6-11, 265, 19, 0, Herbalife Gran Canaria (Spain), 1991 DOB , England,2010
50, Solomon Alabi, DAL, DAL to TOR, C, 7-1, 250, 22, 2, Florida State, So , Nigeria,2010
51, Magnum Rolle, OKC, OKC to IND, F, 6-11, 235, 24, 1, Louisiana Tech, Sr, Bahamas,2010
52, Luke Harangody, BOS, , F, 6-8, 245, 22, 3, Notre Dame, Sr, United States,2010
53, Pape Sy, ATL, , SF, 6-7, 224, 22, 1, STB Le Havre (France), 1988 DOB, France,2010
54, Willie Warren, LAC, , GF, 6-4, 200, 20, 1, Oklahoma, So , United States,2010
55, Jeremy Evans, UTH, , F, 6-9, 200, 22, 7, Western Kentucky, Sr, United States,2010
56, Hamady Ndiaye, MIN, MIN to WAS, C, 7-0, 235, 23, 3, Rutgers, Sr, Senegal,2010
57, Ryan Reid, IND, IND to OKC, PF, 6-8, 235, 23, 1, Florida State, Sr, United States,2010
58, Derrick Caracter, LAL, , F, 6-9, 276, 22, 2, UTEP, Jr , United States,2010
59, Stanley Robinson, ORL, , F, 6-9, 220, 21, 0, Connecticut, Sr, United States,2010
60, Dwayne Collins, PHX, , F, 6-8, 241, 22, 0, Miami (FL), Sr, United States,2010
1, Kyrie Irving, CLE, , G, 6-3, 193, 19, 7, Duke, Fr , United States / Australia,2011
2, Derrick Williams, MIN, , F, 6-8, 240, 20, 7, Arizona, So , United States,2011
3, Enes Kanter, UTH, , F, 6-11, 245, 19, 7, Kentucky, Fr , Switzerland / Turkey,2011
4, Tristan Thompson, CLE, , F, 6-10, 238, 20, 7, Texas, Fr , Canada,2011
5, Jonas Valanciunas, TOR, , C, 7-0, 265, 19, 6, Lietuvos Rytas (Lithuania), 1992 DOB , Lithuania,2011
6, Jan Vesely, WAS, , PF, 6-11, 240, 21, 3, KK Partizan (Serbia), 1990 DOB , Czech Republic,2011
7, Bismack Biyombo, SAC, SAC to CHA, PF, 6-9, 255, 18, 7, Montakit Fuenlabrada (Spain), 1992 DOB , Democratic Republic of the Congo,2011
8, Brandon Knight, DET, , G, 6-3, 195, 19, 7, Kentucky, Fr , United States,2011
9, Kemba Walker, CHA, , G, 6-1, 184, 21, 7, Connecticut, Jr , United States,2011
10, Jimmer Fredette, MIL, MIL to SAC, G, 6-2, 195, 22, 5, Brigham Young, Sr, United States,2011
11, Klay Thompson, GOS, , G, 6-7, 215, 21, 7, Washington State, Jr , United States,2011
12, Alec Burks, UTH, , SG, 6-6, 214, 19, 7, Colorado, So , United States,2011
13, Markieff Morris, PHX, , PF, 6-10, 245, 21, 7, Kansas, Jr , United States,2011
14, Marcus Morris, HOU, , F, 6-9, 235, 21, 7, Kansas, Jr , United States,2011
15, Kawhi Leonard, IND, IND to SAN, F, 6-7, 230, 19, 7, San Diego State, So , United States,2011
16, Nikola Vucevic, PHL, , PF, 7-0, 260, 20, 7, USC, Jr , Switzerland / Montenegro,2011
17, Iman Shumpert, NYK, , G, 6-5, 220, 20, 7, Georgia Tech, Jr , United States,2011
18, Chris Singleton, WAS, , FC, 6-8, 228, 21, 3, Florida State, Jr , United States,2011
19, Tobias Harris, CHA, CHA to MIL, F, 6-9, 235, 18, 7, Tennessee, Fr , United States,2011
20, Donatas Motiejunas, MIN, MIN to HOU, C, 7-0, 222, 20, 5, Universo De'Longhi Treviso (Italy), 1990 DOB , Lithuania,2011
21, Nolan Smith, POR, , G, 6-2, 190, 22, 2, Duke, Sr, United States,2011
22, Kenneth Faried, DEN, , F, 6-8, 220, 21, 7, Morehead State, Sr, United States,2011
23, Nikola Mirotic, HOU, HOU to MINMIN to CHI, F, 6-10, 250, 20, 4, Real Madrid (Spain), 1991 DOB , Montenegro / Spain,2011
24, Reggie Jackson, OKC, , G, 6-3, 208, 21, 7, Boston College, Jr , Italy / United States,2011
25, MarShon Brooks, BOS, BOS to NJN, GF, 6-5, 200, 22, 4, Providence, Sr, United States,2011
26, Jordan Hamilton, DAL, DAL to DEN, SF, 6-7, 220, 20, 5, Texas, So , United States,2011
27, JaJuan Johnson, NJN, NJN to BOS, FC, 6-10, 220, 22, 1, Purdue, Sr, United States,2011
28, Norris Cole, CHI, CHI to MINMIN to MIA, G, 6-2, 175, 22, 6, Cleveland State, Sr, United States,2011
29, Cory Joseph, SAN, , PG, 6-3, 193, 19, 7, Texas, Fr , Canada,2011
30, Jimmy Butler, CHI, , GF, 6-8, 236, 21, 7, Marquette, Sr, United States,2011
31, Bojan Bogdanovic, MIA, MIA to MINMIN to NJN, F, 6-8, 216, 22, 4, KK Cibona (Croatia), 1989 DOB, Bosnia and Herzegovina / Croatia,2011
32, Justin Harper, CLE, CLE to ORL, PF, 6-10, 225, 21, 3, Richmond, Sr, United States,2011
33, Kyle Singler, DET, , F, 6-8, 228, 23, 6, Duke, Sr, United States,2011
34, Shelvin Mack, WAS, , G, 6-3, 203, 21, 7, Butler, Jr , United States,2011
35, Tyler Honeycutt, SAC, , F, 6-8, 190, 20, 2, UCLA, So , United States,2011
36, Jordan Williams, NJN, , PF, 6-10, 260, 20, 1, Maryland, So , United States,2011
37, Trey Thompkins, LAC, , PF, 6-10, 245, 21, 2, Georgia, Jr , United States,2011
38, Chandler Parsons, HOU, HOU to MINMIN to HOU, SF, 6-10, 230, 22, 7, Florida, Sr, United States,2011
39, Jeremy Tyler, CHA, CHA to GOS, PF, 6-10, 250, 20, 3, Tokyo Apache (Japan), 1991 DOB, United States,2011
40, Jon Leuer, MIL, , PF, 6-10, 228, 22, 7, Wisconsin, Sr, United States,2011
41, Darius Morris, LAL, , G, 6-4, 195, 20, 4, Michigan, So , United States,2011
42, Davis Bertans, IND, IND to SAN, SF, 6-10, 225, 18, 2, Union Olimpija (Slovenia), 1992 DOB , Latvia,2011
43, Malcolm Lee, CHI, CHI to MIN, G, 6-5, 200, 21, 3, UCLA, Jr , United States,2011
44, Charles Jenkins, GOS, , G, 6-3, 215, 22, 2, Hofstra, Sr, United States,2011
45, Josh Harrellson, NOP, NOP to NYK, F, 6-10, 275, 22, 3, Kentucky, Sr, United States,2011
46, Andrew Goudelock, LAL, , G, 6-3, 200, 22, 3, Charleston, Sr, United States,2011
47, Travis Leslie, LAC, , G, 6-4, 205, 21, 2, Georgia, Jr , United States,2011
48, Keith Benson, ATL, , C, 6-11, 240, 22, 1, Oakland, Sr, United States,2011
49, Josh Selby, MEM, , G, 6-2, 195, 20, 2, Kansas, Fr , United States,2011
50, Lavoy Allen, PHL, , PF, 6-9, 260, 22, 6, Temple, Sr, United States,2011
51, Jon Diebler, POR, POR to HOUHOU to CHI, SF, 6-6, 205, 23, 0, Ohio State, Sr, United States,2011
52, Vernon Macklin, DET, , F, 6-10, 227, 24, 1, Florida, Sr, United States,2011
53, DeAndre Liggins, ORL, , G, 6-6, 210, 23, 5, Kentucky, Jr , United States,2011
54, Milan Macvan, CLE, , PF, 6-9, 265, 21, 0, KK Vrsac Swisslion (Serbia), 1989 DOB, Croatia / Serbia,2011
55, E'Twaun Moore, BOS, , SG, 6-4, 191, 22, 7, Purdue, Sr, United States,2011
56, Chu Maduabum, LAL, LAL to DENDEN to PHLPHL to CLE, PF, 6-9, 210, 20, 0, Bakersfield Jam, 1991 DOB, Nigeria,2011
57, Tanguy Ngombo, DAL, DAL to PORPOR to MIN, GF, 6-6, 230, 21, 0, Al-Rayyan Sports Club (Qatar), 1989 DOB, Republic of the Congo / Qatar,2011
58, Ater Majok, LAL, LAL to CHICHI to NOP, C, 6-11, 233, 23, 0, Gold Coast (Australia), 1987 DOB, Australia / Lebanon,2011
59, Adam Hanga, SAN, , SF, 6-7, 200, 22, 0, Alba Fehervar (Hungary), 1989 DOB, Hungary,2011
60, Isaiah Thomas, SAC, , PG, 5-9, 185, 22, 7, Washington, Jr , United States,2011
1, Anthony Davis, NOP, , PF, 6-10, 253, 19, 6, Kentucky, Fr , United States,2012
2, Michael Kidd-Gilchrist, CHA, , SF, 6-7, 232, 18, 6, Kentucky, Fr , United States,2012
3, Bradley Beal, WAS, , SG, 6-5, 207, 19, 6, Florida, Fr , United States,2012
4, Dion Waiters, CLE, , SG, 6-4, 215, 20, 6, Syracuse, So , United States,2012
5, Thomas Robinson, SAC, , PF, 6-10, 237, 21, 5, Kansas, Jr , United States,2012
6, Damian Lillard, POR, , G, 6-3, 195, 21, 6, Weber State, Jr , United States,2012
7, Harrison Barnes, GOS, , SF, 6-8, 225, 20, 6, North Carolina, So , United States,2012
8, Terrence Ross, TOR, , SF, 6-7, 206, 21, 6, Washington, So , United States,2012
9, Andre Drummond, DET, , C, 6-11, 279, 18, 6, Connecticut, Fr , United States,2012
10, Austin Rivers, NOP, , SG, 6-4, 200, 19, 6, Duke, Fr , United States,2012
11, Meyers Leonard, POR, , C, 7-1, 255, 20, 6, Illinois, So , United States,2012
12, Jeremy Lamb, HOU, , SG, 6-5, 185, 20, 6, Connecticut, So , United States,2012
13, Kendall Marshall, PHX, , PG, 6-4, 195, 20, 4, North Carolina, So , United States,2012
14, John Henson, MIL, , PF, 6-11, 219, 21, 6, North Carolina, Jr , United States,2012
15, Maurice Harkless, PHL, , F, 6-9, 220, 19, 6, St. John's, Fr , United States / Puerto Rico,2012
16, Royce White, HOU, , PF, 6-8, 268, 21, 2, Iowa State, So , United States,2012
17, Tyler Zeller, DAL, DAL to CLE, C, 7-0, 259, 22, 6, North Carolina, Sr, United States,2012
18, Terrence Jones, HOU, , PF, 6-9, 255, 20, 5, Kentucky, So , United States,2012
19, Andrew Nicholson, ORL, , F, 6-9, 250, 22, 5, St. Bonaventure, Sr, Canada,2012
20, Evan Fournier, DEN, , SG, 6-7, 205, 19, 6, Poitiers Basket 86 (France), 1992 DOB , France,2012
21, Jared Sullinger, BOS, , C, 6-9, 260, 20, 5, Ohio State, So , United States,2012
22, Fab Melo, BOS, , C, 7-0, 255, 22, 1, Syracuse, So , Brazil,2012
23, John Jenkins, ATL, , SG, 6-4, 215, 21, 5, Vanderbilt, Jr , United States,2012
24, Jared Cunningham, CLE, CLE to DAL, SG, 6-5, 188, 21, 4, Oregon State, Jr , United States,2012
25, Tony Wroten, MEM, , PG, 6-6, 205, 19, 4, Washington, Fr , United States,2012
26, Miles Plumlee, IND, , C, 6-11, 249, 23, 6, Duke, Sr, United States,2012
27, Arnett Moultrie, MIA, MIA to PHL, PF, 6-11, 250, 21, 2, Mississippi State, Jr , United States,2012
28, Perry Jones, OKC, , PF, 6-11, 235, 20, 3, Baylor, So , United States,2012
29, Marquis Teague, CHI, , PG, 6-2, 180, 19, 3, Kentucky, Fr , United States,2012
30, Festus Ezeli, GOS, , C, 6-11, 265, 22, 5, Vanderbilt, Sr, Nigeria,2012
31, Jeffery Taylor, CHA, , SF, 6-7, 225, 23, 3, Vanderbilt, Sr, Sweden,2012
32, Tomas Satoransky, WAS, , PG, 6-7, 210, 20, 2, Real Betis Energia Plus (Spain), 1991 DOB , Czech Republic,2012
33, Bernard James, CLE, CLE to DAL, PF, 6-10, 230, 27, 3, Florida State, Sr, United States,2012
34, Jae Crowder, CLE, CLE to DAL, SF, 6-6, 235, 21, 6, Marquette, Sr, United States,2012
35, Draymond Green, GOS, , F, 6-7, 230, 22, 6, Michigan State, Sr, United States,2012
36, Orlando Johnson, SAC, SAC to IND, GF, 6-5, 220, 23, 3, UC Santa Barbara, Sr, United States,2012
37, Quincy Acy, TOR, , F, 6-7, 240, 21, 6, Baylor, Sr, United States,2012
38, Quincy Miller, DEN, , PF, 6-9, 210, 19, 3, Baylor, Fr , United States,2012
39, Khris Middleton, DET, , SF, 6-8, 222, 20, 6, Texas A&amp;M, Jr , United States,2012
40, Will Barton, POR, , GF, 6-6, 190, 21, 6, Memphis, So , United States,2012
41, Tyshawn Taylor, POR, POR to BRK, G, 6-3, 185, 22, 2, Kansas, Sr, United States,2012
42, Doron Lamb, MIL, , SG, 6-4, 210, 20, 2, Kentucky, So , United States,2012
43, Mike Scott, ATL, , PF, 6-8, 237, 23, 6, Virginia, Sr, United States,2012
44, Kim English, DET, , SG, 6-6, 200, 23, 1, Missouri, Sr, United States,2012
45, Justin Hamilton, PHL, PHL to MIA, C, 7-0, 255, 22, 3, LSU, Jr , United States / Croatia,2012
46, Darius Miller, NOP, , GF, 6-8, 225, 22, 4, Kentucky, Sr, United States,2012
47, Kevin Murphy, UTH, , GF, 6-5, 185, 22, 1, Tennessee Tech, Sr, United States,2012
48, Kostas Papanikolaou, NYK, NYK to PORPOR to HOU, PF, 6-8, 225, 21, 2, Olympiacos (Greece), 1990 DOB, Greece,2012
49, Kyle O'Quinn, ORL, , F, 6-10, 250, 22, 6, Norfolk State, Sr, United States,2012
50, Izzet Turkyilmaz, DEN, , C, 7-0, 211, 22, 0, Banvit Basketbol Kulubu (Turkey), 1990 DOB, Turkey,2012
51, Kris Joseph, BOS, , SF, 6-7, 210, 23, 1, Syracuse, Sr, Canada,2012
52, Ognen Kuzmic, GOS, , C, 7-1, 251, 22, 2, Unicaja Malaga (Spain), 1990 DOB, Bosnia and Herzegovina / Serbia,2012
53, Furkan Aldemir, LAC, LAC to HOUHOU to PHL, PF, 6-10, 240, 20, 1, Galatasaray (Turkey), 1991 DOB , Turkey,2012
54, Tornike Shengelia, PHL, PHL to BRK, PF, 6-9, 220, 20, 2, Proximus Spirou Charleroi (Belgium), 1991 DOB , Georgia,2012
55, Darius Johnson-Odom, DAL, DAL to LAL, SG, 6-2, 220, 22, 2, Marquette, Sr, United States,2012
56, Tomislav Zubcic, TOR, TOR to OKC, C, 6-10, 230, 22, 0, KK Cibona (Croatia), 1990 DOB, Croatia,2012
57, Ilkan Karaman, BRK, BRK to CLE, F, 6-8, 254, 22, 0, Pinar Karsiyaka (Turkey), 1990 DOB, Turkey,2012
58, Robbie Hummel, MIN, , F, 6-8, 220, 23, 2, Purdue, Sr, United States,2012
59, Marcus Denmon, SAN, , G, 6-3, 185, 22, 0, Missouri, Sr, United States,2012
60, Robert Sacre, LAL, , C, 7-0, 270, 23, 4, Gonzaga, Sr, Canada / United States,2012
1, Anthony Bennett, CLE, , PF, 6-8, 235, 20, 4, UNLV, Fr , Canada,2013
2, Victor Oladipo, ORL, , G, 6-4, 210, 21, 5, Indiana, Jr , United States,2013
3, Otto Porter, WAS, , SF, 6-8, 198, 20, 5, Georgetown, So , United States,2013
4, Cody Zeller, CHA, , F, 7-0, 240, 20, 5, Indiana, So , United States,2013
5, Alex Len, PHX, , C, 7-1, 250, 20, 5, Maryland, So , Ukraine,2013
6, Nerlens Noel, NOP, NOP to PHL, FC, 6-11, 220, 19, 5, Kentucky, Fr , United States,2013
7, Ben McLemore, SAC, , SG, 6-5, 195, 20, 5, Kansas, Fr , United States,2013
8, Kentavious Caldwell-Pope, DET, , SG, 6-5, 205, 20, 5, Georgia, So , United States,2013
9, Trey Burke, MIN, MIN to UTH, G, 6-1, 191, 20, 5, Michigan, So , United States,2013
10, C.J. McCollum, POR, , G, 6-3, 190, 21, 5, Lehigh, Sr, United States,2013
11, Michael Carter-Williams, PHL, , PG, 6-6, 190, 21, 5, Syracuse, So , United States,2013
12, Steven Adams, OKC, , C, 7-0, 265, 19, 5, Pittsburgh, Fr , New Zealand,2013
13, Kelly Olynyk, DAL, DAL to BOS, C, 7-0, 240, 22, 5, Gonzaga, Jr , Canada,2013
14, Shabazz Muhammad, UTH, UTH to MIN, GF, 6-5, 225, 20, 5, UCLA, Fr , United States,2013
15, Giannis Antetokounmpo, MIL, , F, 6-11, 242, 18, 5, Filathlitikos Div II Greece (Greece), 1994 DOB , Greece / Nigeria,2013
16, Lucas Nogueira, BOS, BOS to DALDAL to ATLATL to TOR, C, 7-0, 241, 20, 4, Movistar Estudiantes (Spain), 1992 DOB , Brazil,2013
17, Dennis Schroder, ATL, , PG, 6-1, 172, 19, 5, Basketball Lowen Braunschweig (Germany), 1993 DOB , Germany,2013
18, Shane Larkin, ATL, ATL to DAL, PG, 5-11, 175, 20, 4, Miami (FL), So , United States,2013
19, Sergey Karasev, CLE, , SF, 6-7, 213, 19, 3, Zenit Saint Petersburg (Russia), 1993 DOB , Russia,2013
20, Tony Snell, CHI, , G, 6-7, 213, 21, 5, New Mexico, Jr , United States,2013
21, Gorgui Dieng, UTH, UTH to MIN, FC, 6-11, 240, 23, 5, Louisville, Jr , Senegal,2013
22, Mason Plumlee, BRK, , PF, 6-11, 255, 23, 5, Duke, Sr, United States,2013
23, Solomon Hill, IND, , SF, 6-7, 225, 22, 5, Arizona, Sr, United States,2013
24, Tim Hardaway Jr., NYK, , SG, 6-6, 205, 21, 5, Michigan, Jr , United States,2013
25, Reggie Bullock, LAC, , SG, 6-7, 205, 22, 5, North Carolina, Jr , United States,2013
26, Andre Roberson, MIN, MIN to GOSGOS to OKC, SG, 6-7, 210, 21, 5, Colorado, Jr , United States,2013
27, Rudy Gobert, DEN, DEN to UTH, C, 7-1, 245, 21, 5, Cholet Basket (France), 1992 DOB , France,2013
28, Livio Jean-Charles, SAN, , SF, 6-9, 230, 19, 0, ASVEL Lyon-Villeurbanne (France), 1993 DOB , France,2013
29, Archie Goodwin, OKC, OKC to GOSGOS to PHX, G, 6-5, 205, 18, 4, Kentucky, Fr , United States,2013
30, Nemanja Nedovic, PHX, PHX to GOS, SG, 6-3, 192, 22, 2, Lietuvos Rytas (Lithuania), 1991 DOB, Serbia,2013
31, Allen Crabbe, CLE, CLE to POR, SG, 6-6, 212, 21, 5, California, Jr , United States,2013
32, Alex Abrines, OKC, , GF, 6-6, 190, 19, 2, FC Barcelona Lassa (Spain), 1993 DOB , Spain,2013
33, Carrick Felix, CLE, , SF, 6-6, 200, 22, 2, Arizona State, Sr, United States,2013
34, Isaiah Canaan, HOU, , G, 6-0, 200, 22, 5, Murray State, Sr, United States,2013
35, Glen Rice, PHL, PHL to WAS, SG, 6-6, 206, 22, 2, Rio Grande Valley Vipers, 1991 DOB, United States,2013
36, Ray McCallum, SAC, , PG, 6-3, 191, 22, 4, Detroit-Mercy, Jr , United States,2013
37, Tony Mitchell, DET, , F, 6-9, 240, 21, 2, North Texas, So , United States,2013
38, Nate Wolters, WAS, WAS to PHLPHL to MIL, PG, 6-4, 190, 22, 3, South Dakota State, Sr, United States,2013
39, Jeff Withey, POR, POR to NOP, C, 7-0, 230, 23, 5, Kansas, Sr, United States,2013
40, Grant Jerrett, POR, POR to OKC, PF, 6-10, 232, 19, 2, Arizona, Fr , United States,2013
41, Jamaal Franklin, MEM, , G, 6-5, 191, 21, 2, San Diego State, Jr , United States,2013
42, Pierre Jackson, PHL, PHL to NOPNOP to PHL, PG, 5-10, 180, 21, 1, Baylor, Sr, United States,2013
43, Ricky Ledo, MIL, MIL to PHLPHL to DAL, GF, 6-7, 197, 20, 2, Providence, Fr , United States,2013
44, Mike Muscala, DAL, DAL to ATL, FC, 6-11, 240, 21, 5, Bucknell, Sr, United States,2013
45, Marko Todorovic, POR, POR to HOU, C, 6-10, 240, 21, 0, FC Barcelona II (Spain), 1992 DOB , Montenegro,2013
46, Erick Green, UTH, UTH to DEN, G, 6-3, 178, 22, 2, Virginia Tech, Sr, United States,2013
47, Raulzinho Neto, ATL, ATL to UTH, PG, 6-1, 179, 21, 3, Delteco GBC (Spain), 1992 DOB , Brazil,2013
48, Ryan Kelly, LAL, , PF, 6-11, 230, 22, 4, Duke, Sr, United States,2013
49, Erik Murphy, CHI, , FC, 6-10, 240, 22, 1, Florida, Sr, United States / Finland,2013
50, James Ennis, ATL, ATL to MIA, GF, 6-7, 210, 22, 4, Long Beach State, Sr, United States,2013
51, Romero Osby, ORL, , PF, 6-8, 240, 23, 0, Oklahoma, Sr, United States,2013
52, Lorenzo Brown, MIN, , SG, 6-5, 189, 22, 4, NC State, Jr , United States,2013
53, Colton Iverson, IND, IND to BOS, FC, 7-0, 255, 23, 0, Colorado State, Sr, United States,2013
54, Arsalan Kazemi, WAS, WAS to PHL, F, 6-7, 226, 23, 0, Oregon, Sr, Iran,2013
55, Joffrey Lauvergne, MEM, MEM to DEN, PF, 6-11, 260, 21, 4, KK Partizan (Serbia), 1991 DOB, France,2013
56, Peyton Siva, DET, , PG, 6-0, 185, 22, 1, Louisville, Sr, United States,2013
57, Alex Oriakhi, PHX, PHX to SAC, PF, 6-9, 255, 23, 0, Missouri, Sr, United States,2013
58, Deshaun Thomas, SAN, , F, 6-7, 220, 21, 0, Ohio State, Jr , United States,2013
59, Bojan Dubljevic, MIN, , FC, 6-9, 242, 21, 0, Valencia Basket (Spain), 1991 DOB, Montenegro,2013
60, Janis Timma, MEM, MEM to ORL, SF, 6-7, 226, 20, 0, BK Ventspils (Latvia), 1992 DOB , Latvia,2013
1, Andrew Wiggins, CLE, , F, 6-8, 199, 19, 4, Kansas, Fr , Canada,2014
2, Jabari Parker, MIL, , F, 6-8, 245, 19, 4, Duke, Fr , United States,2014
3, Joel Embiid, PHL, , C, 7-0, 260, 20, 4, Kansas, Fr , Cameroon,2014
4, Aaron Gordon, ORL, , F, 6-9, 220, 18, 4, Arizona, Fr , United States,2014
5, Dante Exum, UTH, , PG, 6-6, 190, 18, 4, Australian Institute of Sport (Australian Capital Territory), 1995 DOB , Australia,2014
6, Marcus Smart, BOS, , PG, 6-4, 220, 20, 4, Oklahoma State, So , United States,2014
7, Julius Randle, LAL, , PF, 6-9, 250, 19, 4, Kentucky, Fr , United States,2014
8, Nik Stauskas, SAC, , SG, 6-6, 205, 20, 4, Michigan, So , Canada,2014
9, Noah Vonleh, CHA, , FC, 6-9, 245, 18, 4, Indiana, Fr , United States,2014
10, Elfrid Payton, PHL, PHL to ORL, G, 6-4, 185, 20, 4, Louisiana, Jr , United States,2014
11, Doug McDermott, DEN, DEN to CHI, F, 6-8, 219, 22, 4, Creighton, Sr, United States,2014
12, Dario Saric, ORL, ORL to PHL, SF, 6-10, 250, 20, 2, KK Cibona (Croatia), 1994 DOB , Croatia,2014
13, Zach LaVine, MIN, , SG, 6-5, 200, 19, 4, UCLA, Fr , United States,2014
14, T.J. Warren, PHX, , F, 6-8, 225, 20, 4, NC State, So , United States,2014
15, Adreian Payne, ATL, , C, 6-10, 237, 23, 4, Michigan State, Sr, United States,2014
16, Jusuf Nurkic, CHI, CHI to DEN, FC, 7-0, 275, 19, 4, Cedevita (Croatia), 1994 DOB , Bosnia and Herzegovina,2014
17, James Young, BOS, , SG, 6-6, 215, 18, 4, Kentucky, Fr , United States,2014
18, Tyler Ennis, PHX, , PG, 6-3, 194, 19, 4, Syracuse, Fr , Canada,2014
19, Gary Harris, CHI, CHI to DEN, SG, 6-4, 210, 19, 4, Michigan State, So , United States,2014
20, Bruno Caboclo, TOR, , PF, 6-9, 205, 18, 4, Pinheiros/Sky (Brazil), 1995 DOB , Brazil,2014
21, Mitch McGary, OKC, , C, 6-10, 255, 22, 2, Michigan, So , United States,2014
22, Jordan Adams, MEM, , SG, 6-5, 209, 19, 2, UCLA, So , United States,2014
23, Rodney Hood, UTH, , F, 6-8, 206, 21, 4, Duke, So , United States,2014
24, Shabazz Napier, CHA, CHA to MIA, PG, 6-1, 180, 22, 4, Connecticut, Sr, United States / Puerto Rico,2014
25, Clint Capela, HOU, , PF, 6-10, 240, 20, 4, Chalon-Sur-Saone (France), 1994 DOB , Switzerland,2014
26, P.J. Hairston, MIA, MIA to CHA, SG, 6-6, 230, 21, 2, Texas Legends, 1992 DOB , United States,2014
27, Bogdan Bogdanovic, PHX, PHX to SAC, SG, 6-6, 205, 21, 1, KK Partizan (Serbia), 1992 DOB, Serbia,2014
28, C.J. Wilcox, LAC, , SG, 6-5, 195, 23, 3, Washington, Sr, United States,2014
29, Josh Huestis, OKC, , SF, 6-7, 230, 22, 3, Stanford, Sr, United States,2014
30, Kyle Anderson, SAN, , PF, 6-9, 230, 20, 4, UCLA, So , United States,2014
31, Damien Inglis, MIL, , PF, 6-8, 246, 19, 2, Chorale Roanne Basket (France), 1995 DOB , France,2014
32, K.J. McDaniels, PHL, , GF, 6-6, 205, 21, 4, Clemson, Jr , United States,2014
33, Joe Harris, CLE, , SG, 6-6, 218, 22, 4, Virginia, Sr, United States,2014
34, Cleanthony Early, NYK, , F, 6-8, 210, 23, 2, Wichita State, Sr, United States,2014
35, Jarnell Stokes, UTH, UTH to MEM, FC, 6-9, 260, 20, 3, Tennessee, Jr , United States,2014
36, Johnny O'Bryant, MIL, , FC, 6-9, 257, 21, 4, LSU, Jr , United States,2014
37, DeAndre Daniels, TOR, , SF, 6-9, 196, 22, 0, Connecticut, Jr , United States,2014
38, Spencer Dinwiddie, DET, , PG, 6-6, 210, 21, 4, Colorado, Jr , United States,2014
39, Jerami Grant, PHL, , F, 6-9, 220, 20, 4, Syracuse, So , United States,2014
40, Glenn Robinson, MIN, , SF, 6-6, 222, 20, 4, Michigan, So , United States,2014
41, Nikola Jokic, DEN, , C, 7-0, 250, 19, 3, KK Mega Bemax (Serbia), 1995 DOB , Serbia,2014
42, Nick Johnson, HOU, , SG, 6-3, 200, 21, 1, Arizona, Jr , United States,2014
43, Edy Tavares, ATL, , C, 7-3, 265, 22, 2, Herbalife Gran Canaria (Spain), 1992 DOB, Cape Verde,2014
44, Markel Brown, MIN, MIN to BRK, SG, 6-3, 185, 22, 3, Oklahoma State, Sr, United States,2014
45, Dwight Powell, CHA, CHA to CLE, PF, 6-11, 240, 22, 4, Stanford, Sr, Canada,2014
46, Jordan Clarkson, WAS, WAS to LAL, G, 6-5, 194, 22, 4, Missouri, Jr , United States,2014
47, Russ Smith, PHL, PHL to NOP, G, 6-0, 165, 23, 2, Louisville, Sr, United States,2014
48, Lamar Patterson, MIL, MIL to ATL, GF, 6-5, 225, 22, 2, Pittsburgh, Sr, United States,2014
49, Cameron Bairstow, CHI, , F, 6-9, 250, 23, 2, New Mexico, Sr, Australia,2014
50, Alec Brown, PHX, , C, 7-1, 235, 21, 0, Green Bay, Sr, United States,2014
51, Thanasis Antetokounmpo, NYK, , SF, 6-7, 215, 21, 1, Delaware 87ers, 1992 DOB, Greece / Nigeria,2014
52, Vasilje Micic, PHL, , PG, 6-5, 200, 20, 0, KK Mega Bemax (Serbia), 1994 DOB , Serbia,2014
53, Alessandro Gentile, MIN, MIN to HOU, SF, 6-6, 228, 21, 0, EA7 Emporio Armani Milano (Italy), 1992 DOB, Italy,2014
54, Nemanja Dangubic, PHL, PHL to SAN, SF, 6-9, 176, 21, 0, KK Mega Bemax (Serbia), 1993 DOB , Serbia,2014
55, Semaj Christon, MIA, MIA to CHACHA to OKC, PG, 6-3, 190, 21, 1, Xavier, So , United States,2014
56, Devyn Marble, DEN, DEN to ORL, GF, 6-6, 200, 21, 2, Iowa, Sr, United States,2014
57, Louis Labeyrie, IND, IND to NYK, PF, 6-10, 200, 22, 0, Paris-Levallois Basket (France), 1992 DOB, France,2014
58, Jordan McRae, SAN, SAN to PHL, G, 6-5, 179, 23, 2, Tennessee, Sr, United States,2014
59, Xavier Thames, TOR, TOR to BRK, G, 6-3, 187, 23, 0, San Diego State, Sr, United States,2014
60, Cory Jefferson, SAN, SAN to PHLPHL to BRK, PF, 6-9, 215, 23, 2, Baylor, Sr, United States,2014
1, Karl-Anthony Towns, MIN, , C, 7-0, 244, 19, 3, Kentucky, Fr , United States / Dominican Republic,2015
2, D'Angelo Russell, LAL, , SG, 6-5, 198, 19, 3, Ohio State, Fr , United States,2015
3, Jahlil Okafor, PHL, , C, 6-11, 275, 19, 3, Duke, Fr , United States,2015
4, Kristaps Porzingis, NYK, , FC, 7-3, 240, 19, 3, Real Betis Energia Plus (Spain), 1995 DOB , Latvia,2015
5, Mario Hezonja, ORL, , SG, 6-8, 218, 20, 3, FC Barcelona II (Spain), 1995 DOB , Croatia,2015
6, Willie Cauley-Stein, SAC, , C, 7-0, 240, 21, 3, Kentucky, Jr , United States,2015
7, Emmanuel Mudiay, DEN, , SG, 6-5, 200, 19, 3, Guangzhou Long-Lions (China), 1996 DOB, United States / Democratic Republic of the Congo,2015
8, Stanley Johnson, DET, , G, 6-7, 245, 19, 3, Arizona, Fr , United States,2015
9, Frank Kaminsky, CHA, , F, 7-0, 242, 22, 3, Wisconsin, Sr, United States,2015
10, Justise Winslow, MIA, , SF, 6-7, 225, 19, 3, Duke, Fr , United States,2015
11, Myles Turner, IND, , FC, 6-11, 250, 19, 3, Texas, Fr , United States,2015
12, Trey Lyles, UTH, , SF, 6-10, 234, 19, 3, Kentucky, Fr , Canada / United States,2015
13, Devin Booker, PHX, , SG, 6-6, 206, 18, 3, Kentucky, Fr , United States,2015
14, Cameron Payne, OKC, , G, 6-3, 190, 20, 3, Murray State, So , United States,2015
15, Kelly Oubre Jr., ATL, ATL to WAS, SF, 6-7, 205, 19, 3, Kansas, Fr , United States,2015
16, Terry Rozier, BOS, , G, 6-1, 190, 21, 3, Louisville, So , United States,2015
17, Rashad Vaughn, MIL, , SF, 6-6, 210, 18, 3, UNLV, Fr , United States,2015
18, Sam Dekker, HOU, , SF, 6-9, 230, 21, 3, Wisconsin, Jr , United States,2015
19, Jerian Grant, WAS, WAS to ATLATL to NYK, SG, 6-4, 198, 22, 3, Notre Dame, Sr, United States,2015
20, Delon Wright, TOR, , G, 6-5, 183, 23, 3, Utah, Sr, United States,2015
21, Justin Anderson, DAL, , F, 6-6, 230, 21, 3, Virginia, Jr , United States,2015
22, Bobby Portis, CHI, , PF, 6-11, 250, 20, 3, Arkansas, So , United States,2015
23, Rondae Hollis-Jefferson, POR, POR to BRK, SF, 6-7, 217, 20, 3, Arizona, So , United States,2015
24, Tyus Jones, CLE, CLE to MIN, PG, 6-2, 195, 19, 3, Duke, Fr , United States,2015
25, Jarell Martin, MEM, , F, 6-10, 239, 21, 3, LSU, So , United States,2015
26, Nikola Milutinov, SAN, , C, 7-0, 220, 20, 0, KK Partizan (Serbia), 1994 DOB , Serbia,2015
27, Larry Nance Jr., LAL, , SF, 6-9, 230, 22, 3, Wyoming, Sr, United States,2015
28, R.J. Hunter, BOS, , G, 6-6, 190, 21, 3, Georgia State, Jr , United States,2015
29, Chris McCullough, BRK, , PF, 6-11, 200, 20, 3, Syracuse, Fr , United States,2015
30, Kevon Looney, GOS, , PF, 6-9, 220, 19, 3, UCLA, Fr , United States,2015
31, Cedi Osman, MIN, MIN to CLE, GF, 6-8, 215, 20, 1, Anadolu Efes (Turkey), 1995 DOB , North Macedonia / Turkey,2015
32, Montrezl Harrell, HOU, , F, 6-8, 240, 21, 3, Louisville, Jr , United States,2015
33, Jordan Mickey, BOS, , PF, 6-8, 235, 20, 3, LSU, So , United States,2015
34, Anthony Brown, LAL, , GF, 6-7, 225, 22, 3, Stanford, Sr, United States,2015
35, Willy Hernangomez, PHL, PHL to NYK, C, 6-11, 240, 21, 2, Cajasol Seville Junior Team (Spain), 1994 DOB , Spain,2015
36, Rakeem Christmas, MIN, MIN to CLECLE to IND, PF, 6-9, 255, 23, 2, Syracuse, Sr, United States,2015
37, Richaun Holmes, PHL, , F, 6-10, 235, 21, 3, Bowling Green, Sr, United States,2015
38, Darrun Hilliard, DET, , SG, 6-6, 220, 22, 3, Villanova, Sr, United States,2015
39, Juan Vaulet, CHA, CHA to BRK, F, 6-6, 200, 19, 0, Weber Bahia Estudiantes (Argentina), 1996 DOB , Argentina,2015
40, Josh Richardson, MIA, , G, 6-6, 200, 21, 3, Tennessee, Sr, United States,2015
41, Pat Connaughton, BRK, BRK to POR, SF, 6-4, 209, 22, 3, Notre Dame, Sr, United States,2015
42, Olivier Hanlan, UTH, UTH to SAN, G, 6-4, 190, 22, 0, Boston College, Jr , Canada,2015
43, Joe Young, IND, , G, 6-2, 185, 22, 3, Oregon, Sr, United States,2015
44, Andrew Harrison, PHX, PHX to MEM, G, 6-6, 213, 20, 2, Kentucky, So , United States,2015
45, Marcus Thornton, BOS, , G, 6-4, 190, 22, 1, William &amp; Mary, Sr, United States,2015
46, Norman Powell, MIL, MIL to TOR, SG, 6-4, 215, 22, 3, UCLA, Sr, United States,2015
47, Arturas Gudaitis, PHL, PHL to SACSAC to CLE, C, 6-10, 254, 22, 0, Zalgiris (Lithuania), 1993 DOB, Lithuania,2015
48, Dakari Johnson, OKC, , C, 7-0, 255, 19, 1, Kentucky, So , United States,2015
49, Aaron White, WAS, , F, 6-9, 220, 22, 0, Iowa, Sr, United States,2015
50, Marcus Eriksson, ATL, , GF, 6-7, 178, 21, 0, ICL Manresa (Spain), 1993 DOB, Sweden,2015
51, Tyler Harvey, ORL, ORL to MEM, G, 6-4, 185, 21, 0, Eastern Washington, Jr , United States,2015
52, Satnam Singh, DAL, , C, 7-2, 290, 19, 0,  , 1995 DOB , India,2015
53, Dom Pointer, CLE, , SF, 6-6, 192, 23, 0, St. John's, Sr, United States,2015
54, Daniel Diez, UTH, UTH to POR, SF, 6-8, 216, 22, 0, Delteco GBC (Spain), 1993 DOB, Spain,2015
55, Cady Lalanne, SAN, , FC, 6-9, 242, 23, 0, Massachusetts, Sr, Haiti,2015
56, Branden Dawson, NOP, NOP to LAC, F, 6-6, 230, 22, 1, Michigan State, Sr, United States,2015
57, Nikola Radicevic, DEN, , PG, 6-5, 200, 21, 0, Real Betis Energia Plus (Spain), 1994 DOB , Serbia,2015
58, J.P. Tokoto, PHL, , GF, 6-6, 200, 21, 0, North Carolina, Jr , United States,2015
59, Dimitrios Agravanis, ATL, ATL to CLECLE to SAC, F, 6-10, 210, 20, 0, Olympiacos (Greece), 1994 DOB , Greece,2015
60, Luka Mitrovic, PHL, PHL to SAC, PF, 6-8, 200, 22, 0, KK Crvena Zvezda (Serbia), 1993 DOB, Serbia,2015
1, Ben Simmons, PHL, , PF, 6-10, 230, 19, 2, LSU, Fr , Australia,2016
2, Brandon Ingram, LAL, , SF, 6-9, 190, 18, 2, Duke, Fr , United States,2016
3, Jaylen Brown, BOS, , SF, 6-7, 220, 19, 2, California, Fr , United States,2016
4, Dragan Bender, PHX, , PF, 7-1, 235, 18, 2, Maccabi FOX Tel Aviv (Israel), 1997 DOB , Bosnia and Herzegovina / Croatia,2016
5, Kris Dunn, MIN, , SG, 6-4, 205, 22, 2, Providence, Jr , United States,2016
6, Buddy Hield, NOP, , G, 6-4, 214, 23, 2, Oklahoma, Sr, Bahamas,2016
7, Jamal Murray, DEN, , SG, 6-4, 207, 19, 2, Kentucky, Fr , Canada,2016
8, Marquese Chriss, SAC, SAC to PHX, PF, 6-10, 230, 18, 2, Washington, Fr , United States,2016
9, Jakob Poeltl, TOR, , C, 7-0, 230, 20, 2, Utah, So , Austria,2016
10, Thon Maker, MIL, , C, 7-1, 221, 19, 2,  , Fr , South Sudan / Australia,2016
11, Domantas Sabonis, ORL, ORL to OKC, PF, 6-11, 240, 20, 2, Gonzaga, So , United States / Lithuania,2016
12, Taurean Prince, UTH, UTH to ATL, F, 6-8, 220, 22, 2, Baylor, Sr, United States,2016
13, George Papagiannis, PHX, PHX to SAC, C, 7-2, 275, 18, 2, Panathinaikos (Greece), 1997 DOB , Greece,2016
14, Denzel Valentine, CHI, , F, 6-6, 210, 22, 2, Michigan State, Sr, United States,2016
15, Juancho Hernangomez, DEN, , F, 6-9, 230, 20, 2, Movistar Estudiantes (Spain), 1995 DOB , Spain,2016
16, Guerschon Yabusele, BOS, , PF, 6-8, 260, 20, 1, Rouen Métropole Basket (France), 1995 DOB , France,2016
17, Wade Baldwin IV, MEM, , G, 6-4, 220, 20, 2, Vanderbilt, So , United States,2016
18, Henry Ellenson, DET, , PF, 6-11, 245, 19, 2, Marquette, Fr , United States,2016
19, Malik Beasley, DEN, , SG, 6-5, 195, 19, 2, Florida State, Fr , United States,2016
20, Caris LeVert, IND, IND to BRK, G, 6-7, 204, 21, 2, Michigan, Sr, United States,2016
21, DeAndre' Bembry, ATL, , GF, 6-6, 210, 21, 2, Saint Joseph's, Jr , United States,2016
22, Malachi Richardson, CHA, CHA to SAC, SF, 6-6, 205, 20, 2, Syracuse, Fr , United States,2016
23, Ante Zizic, BOS, , C, 6-11, 254, 19, 1, KK Cibona (Croatia), 1997 DOB , Croatia,2016
24, Timothe Luwawu-Cabarrot, PHL, , F, 6-6, 210, 21, 2, KK Mega Bemax (Serbia), 1995 DOB , France,2016
25, Brice Johnson, LAC, , PF, 6-10, 230, 21, 2, North Carolina, Sr, United States,2016
26, Furkan Korkmaz, PHL, , SG, 6-7, 185, 18, 1, Anadolu Efes (Turkey), 1997 DOB , Turkey,2016
27, Pascal Siakam, TOR, , F, 6-9, 230, 22, 2, New Mexico State, So , Cameroon,2016
28, Skal Labissiere, PHX, PHX to SAC, C, 6-11, 225, 20, 2, Kentucky, Fr , Haiti,2016
29, Dejounte Murray, SAN, , SG, 6-5, 170, 19, 2, Washington, Fr , United States,2016
30, Damian Jones, GOS, , PF, 7-0, 245, 20, 2, Vanderbilt, Jr , United States,2016
31, Deyonta Davis, BOS, BOS to MEM, PF, 6-11, 237, 19, 2, Michigan State, Fr , United States,2016
32, Ivica Zubac, LAL, , C, 7-1, 240, 19, 2, KK Mega Bemax (Serbia), 1997 DOB , Bosnia and Herzegovina / Croatia,2016
33, Cheick Diallo, LAC, LAC to NOP, PF, 6-9, 220, 19, 2, Kansas, Fr , Mali,2016
34, Tyler Ulis, PHX, , PG, 5-10, 160, 20, 2, Kentucky, So , United States,2016
35, Rade Zagorac, BOS, BOS to MEM, SF, 6-9, 205, 20, 0, KK Mega Bemax (Serbia), 1995 DOB , Serbia,2016
36, Malcolm Brogdon, MIL, , SG, 6-5, 224, 23, 2, Virginia, Sr, United States,2016
37, Chinanu Onuaku, HOU, , C, 6-9, 250, 19, 2, Louisville, So , United States,2016
38, Patrick McCaw, MIL, MIL to GOS, G, 6-7, 185, 20, 2, UNLV, So , United States,2016
39, David Michineau, NOP, NOP to LAC, PG, 6-3, 180, 22, 0, Chalon-Sur-Saone (France), 1994 DOB, France,2016
40, Diamond Stone, NOP, NOP to LAC, C, 6-11, 255, 19, 1, Maryland, Fr , United States,2016
41, Stephen Zimmerman, ORL, , C, 6-11, 240, 19, 1, UNLV, Fr , United States,2016
42, Isaiah Whitehead, UTH, UTH to BRK, SG, 6-4, 213, 21, 2, Seton Hall, So , United States,2016
43, Zhou Qi, HOU, , C, 7-1, 210, 20, 1, Xinjiang Guanghui (China), 1996 DOB , China,2016
44, Isaia Cordinier, ATL, ATL to BRK, G, 6-4, 180, 19, 0, Denain ASC Voltaire (France), 1996 DOB , France,2016
45, Demetrius Jackson, BOS, , G, 6-1, 200, 21, 2, Notre Dame, Jr , United States,2016
46, A.J. Hammons, DAL, , C, 7-0, 250, 23, 2, Purdue, Sr, United States,2016
47, Jake Layman, ORL, ORL to POR, SF, 6-9, 215, 22, 2, Maryland, Sr, United States,2016
48, Paul Zipser, CHI, , F, 6-8, 226, 22, 2, FC Bayern Munich Junior Team (Germany), 1994 DOB, Germany,2016
49, Michael Gbinije, DET, , SF, 6-6, 200, 24, 1, Syracuse, Sr, United States / Nigeria,2016
50, Georges Niang, IND, , F, 6-8, 230, 23, 2, Iowa State, Sr, United States,2016
51, Ben Bentil, BOS, , F, 6-9, 235, 21, 1, Providence, So , Ghana / United States,2016
52, Joel Bolomboy, UTH, , FC, 6-9, 235, 22, 2, Weber State, Sr, United States / Ukraine,2016
53, Petr Cornelie, DEN, , C, 6-11, 220, 20, 0, Le Mans Sarthe Basket (France), 1995 DOB , France,2016
54, Kay Felder, ATL, ATL to CLE, PG, 5-9, 176, 21, 2, Oakland, Jr , United States,2016
55, Marcus Paige, BRK, BRK to UTH, G, 6-0, 164, 22, 1, North Carolina, Sr, United States,2016
56, Daniel Hamilton, DEN, DEN to OKC, SG, 6-7, 195, 20, 1, Connecticut, So , United States,2016
57, Zhelin Wang, MEM, , C, 7-0, 251, 22, 0, Fujian (China), 1994 DOB, China,2016
58, Abdel Nader, BOS, , SF, 6-6, 225, 22, 1, Iowa State, Sr, United States / Egypt,2016
59, Isaiah Cousins, SAC, , G, 6-4, 191, 22, 0, Oklahoma, Sr, United States,2016
60, Tyrone Wallace, UTH, , G, 6-5, 195, 22, 1, California, Sr, United States,2016
1, Markelle Fultz, PHL, , PG, 6-4, 200, 19, 1, Washington, Fr , United States,2017
2, Lonzo Ball, LAL, , PG, 6-6, 190, 19, 1, UCLA, Fr , United States,2017
3, Jayson Tatum, BOS, , SF, 6-8, 208, 19, 1, Duke, Fr , United States,2017
4, Josh Jackson, PHX, , SF, 6-8, 200, 20, 1, Kansas, Fr , United States,2017
5, De'Aaron Fox, SAC, , PG, 6-3, 175, 19, 1, Kentucky, Fr , United States,2017
6, Jonathan Isaac, ORL, , SF, 6-10, 210, 19, 1, Florida State, Fr , United States,2017
7, Lauri Markkanen, MIN, MIN to CHI, SF, 7-0, 240, 20, 1, Arizona, Fr , Finland,2017
8, Frank Ntilikina, NYK, , PG, 6-5, 190, 18, 1, Strasbourg IG (France), 1998 DOB , Belgium / France,2017
9, Dennis Smith, DAL, , PG, 6-3, 195, 19, 1, NC State, Fr , United States,2017
10, Zach Collins, SAC, SAC to POR, C, 7-0, 235, 19, 1, Gonzaga, Fr , United States,2017
11, Malik Monk, CHA, , SG, 6-3, 200, 19, 1, Kentucky, Fr , United States,2017
12, Luke Kennard, DET, , SG, 6-5, 206, 20, 1, Duke, So , United States,2017
13, Donovan Mitchell, DEN, DEN to UTH, SG, 6-3, 215, 20, 1, Louisville, So , United States,2017
14, Bam Adebayo, MIA, , C, 6-10, 255, 19, 1, Kentucky, Fr , United States,2017
15, Justin Jackson, POR, POR to SAC, F, 6-8, 210, 22, 1, North Carolina, Jr , United States,2017
16, Justin Patton, CHI, CHI to MIN, C, 7-0, 230, 20, 1, Creighton, Fr , United States,2017
17, D.J. Wilson, MIL, , F, 6-10, 231, 21, 1, Michigan, So , United States,2017
18, T.J. Leaf, IND, , PF, 6-10, 225, 20, 1, UCLA, Fr , United States / Israel,2017
19, John Collins, ATL, , PF, 6-10, 235, 19, 1, Wake Forest, So , United States,2017
20, Harry Giles, POR, POR to SAC, PF, 6-10, 240, 19, 1, Duke, Fr , United States,2017
21, Terrance Ferguson, OKC, , SG, 6-7, 190, 19, 1, Adelaide (Australia), 1998 DOB, United States,2017
22, Jarrett Allen, BRK, , C, 6-11, 237, 19, 1, Texas, Fr , United States,2017
23, Ogugua Anunoby, TOR, , SF, 6-8, 232, 19, 1, Indiana, So , England / United States,2017
24, Tyler Lydon, UTH, UTH to DEN, PF, 6-10, 225, 21, 1, Syracuse, So , United States,2017
25, Anzejs Pasecniks, ORL, ORL to PHL, C, 7-2, 229, 21, 0, Herbalife Gran Canaria (Spain), 1995 DOB, Latvia,2017
26, Caleb Swanigan, POR, , C, 6-9, 250, 20, 1, Purdue, So , United States,2017
27, Kyle Kuzma, BRK, BRK to LAL, F, 6-9, 220, 21, 1, Utah, Jr , United States,2017
28, Tony Bradley, LAL, LAL to UTH, C, 6-11, 248, 19, 1, North Carolina, Fr , United States,2017
29, Derrick White, SAN, , G, 6-4, 190, 22, 1, Colorado, Sr, United States,2017
30, Josh Hart, UTH, UTH to LAL, SG, 6-5, 215, 22, 1, Villanova, Sr, United States,2017
31, Frank Jackson, CHA, CHA to NOP, SG, 6-3, 205, 19, 1, Duke, Fr , United States,2017
32, Davon Reed, PHX, , SF, 6-6, 210, 22, 1, Miami (FL), Sr, United States,2017
33, Wesley Iwundu, ORL, , F, 6-7, 195, 22, 1, Kansas State, Sr, United States,2017
34, Frank Mason, SAC, , G, 5-11, 190, 23, 1, Kansas, Sr, United States,2017
35, Ivan Rabb, ORL, ORL to MEM, PF, 6-10, 220, 20, 1, California, So , United States,2017
36, Jonah Bolden, PHL, , SF, 6-10, 220, 21, 0, FMP Beograd (Serbia), 1996 DOB, Australia,2017
37, Semi Ojeleye, BOS, , SF, 6-7, 241, 22, 1, Southern Methodist, Jr , United States,2017
38, Jordan Bell, CHI, CHI to GOS, PF, 6-9, 224, 22, 1, Oregon, Jr , United States,2017
39, Jawun Evans, PHL, PHL to LAC, PG, 6-0, 190, 20, 1, Oklahoma State, So , United States,2017
40, Dwayne Bacon, NOP, NOP to CHA, SF, 6-7, 221, 21, 1, Florida State, So , United States,2017
41, Tyler Dorsey, ATL, , SG, 6-5, 183, 21, 1, Oregon, So , United States / Greece,2017
42, Thomas Bryant, UTH, UTH to LAL, C, 6-11, 248, 19, 1, Indiana, So , United States,2017
43, Isaiah Hartenstein, HOU, , PF, 7-0, 249, 19, 0, Zalgiris (Lithuania), 1998 DOB , United States / Germany,2017
44, Damyean Dotson, NYK, , SG, 6-6, 205, 23, 1, Houston, Sr, United States,2017
45, Dillon Brooks, HOU, HOU to MEM, F, 6-6, 220, 21, 1, Oregon, Jr , Canada,2017
46, Sterling Brown, PHL, PHL to MIL, G, 6-6, 228, 22, 1, Southern Methodist, Sr, United States,2017
47, Ike Anigbogu, IND, , C, 6-10, 250, 18, 1, UCLA, Fr , United States,2017
48, Sindarius Thornwell, MIL, MIL to LAC, SG, 6-5, 215, 22, 1, South Carolina, Sr, United States,2017
49, Vlatko Cancar, DEN, , SF, 6-8, 210, 20, 0, KK Mega Bemax (Serbia), 1997 DOB , Slovenia,2017
50, Mathias Lessort, PHL, , F, 6-9, 250, 21, 0, JSF Nanterre (France), 1995 DOB, France,2017
51, Monte Morris, DEN, , G, 6-3, 175, 21, 1, Iowa State, Sr, United States,2017
52, Edmond Sumner, NOP, NOP to IND, G, 6-6, 176, 21, 1, Xavier, So , United States,2017
53, Kadeem Allen, BOS, , G, 6-3, 200, 24, 1, Arizona, Sr, United States,2017
54, Alec Peters, PHX, , F, 6-9, 225, 22, 1, Valparaiso, Sr, United States,2017
55, Nigel Williams-Goss, UTH, , SG, 6-3, 190, 22, 0, Gonzaga, Jr , United States,2017
56, Jabari Bird, BOS, , SG, 6-6, 198, 22, 1, California, Sr, United States,2017
57, Aleksandar Vezenkov, BRK, , PF, 6-9, 225, 21, 0, FC Barcelona II (Spain), 1995 DOB, Cyprus / Bulgaria,2017
58, Ognjen Jaramaz, NYK, , SG, 6-4, 181, 21, 0, KK Mega Bemax (Serbia), 1995 DOB, Serbia,2017
59, Jaron Blossomgame, SAN, , F, 6-7, 220, 23, 0, Clemson, Sr, United States,2017
60, Alpha Kaba, ATL, , PF, 6-10, 242, 20, 0, KK Mega Bemax (Serbia), 1996 DOB , France,2017
1, Deandre Ayton, PHX, , C, 7-1, 250, 19, 0, Arizona, Fr , Bahamas,2018
2, Marvin Bagley III, SAC, , PF, 6-11, 234, 19, 0, Duke, Fr , United States,2018
3, Luka Doncic, ATL, ATL to DAL, SF, 6-7, 218, 19, 0, Real Madrid (Spain), 1999 DOB , Slovenia,2018
4, Jaren Jackson Jr., MEM, , PF, 6-11, 242, 18, 0, Michigan State, Fr , United States,2018
5, Trae Young, DAL, DAL to ATL, PG, 6-2, 180, 19, 0, Oklahoma, Fr , United States,2018
6, Mohamed Bamba, ORL, , C, 7-0, 225, 20, 0, Texas, Fr , United States,2018
7, Wendell Carter Jr., CHI, , PF, 6-10, 255, 19, 0, Duke, Fr , United States,2018
8, Collin Sexton, CLE, , PG, 6-2, 190, 19, 0, Alabama, Fr , United States,2018
9, Kevin Knox, NYK, , SF, 6-9, 215, 18, 0, Kentucky, Fr , United States,2018
10, Mikal Bridges, PHL, PHL to PHX, SG, 6-7, 210, 21, 0, Villanova, Jr , United States,2018
11, Shai Gilgeous-Alexander, CHA, CHA to LAC, PG, 6-6, 181, 19, 0, Kentucky, Fr , Canada,2018
12, Miles Bridges, LAC, LAC to CHA, SF, 6-7, 225, 20, 0, Michigan State, So , United States,2018
13, Jerome Robinson, LAC, , SG, 6-5, 190, 21, 0, Boston College, Jr , United States,2018
14, Michael Porter Jr., DEN, , PF, 6-10, 210, 19, 0, Missouri, Fr , United States,2018
15, Troy Brown Jr., WAS, , SF, 6-7, 215, 18, 0, Oregon, Fr , United States,2018
16, Zhaire Smith, PHX, PHX to PHL, SG, 6-4, 200, 19, 0, Texas Tech, Fr , United States,2018
17, Donte DiVincenzo, MIL, , SG, 6-4, 203, 21, 0, Villanova, So , United States,2018
18, Lonnie Walker, SAN, , SG, 6-5, 205, 19, 0, Miami (FL), Fr , United States,2018
19, Kevin Huerter, ATL, , SF, 6-7, 190, 19, 0, Maryland, So , United States,2018
20, Josh Okogie, MIN, , SG, 6-5, 211, 19, 0, Georgia Tech, So , Nigeria / United States,2018
21, Grayson Allen, UTH, , SG, 6-5, 198, 22, 0, Duke, Sr, United States,2018
22, Chandler Hutchison, CHI, , SG, 6-7, 197, 22, 0, Boise State, Sr, United States,2018
23, Aaron Holiday, IND, , PG, 6-1, 185, 21, 0, UCLA, Jr , United States,2018
24, Anfernee Simons, POR, , SG, 6-4, 185, 19, 0,  ,  , United States,2018
25, Moe Wagner, LAL, , PF, 7-0, 241, 21, 0, Michigan, Jr , Germany,2018
26, Landry Shamet, PHL, , PG, 6-5, 190, 21, 0, Wichita State, So , United States,2018
27, Robert Williams, BOS, , PF, 6-10, 240, 20, 0, Texas A&amp;M, So , United States,2018
28, Jacob Evans, GOS, , SG, 6-6, 210, 21, 0, Cincinnati, Jr , United States,2018
29, Dzanan Musa, BRK, , SG, 6-9, 208, 19, 0, Cedevita (Croatia), 1999 DOB , Bosnia and Herzegovina,2018
30, Omari Spellman, ATL, , PF, 6-9, 245, 20, 0, Villanova, Fr , United States,2018
31, Elie Okobo, PHX, , PG, 6-2, 180, 20, 0, Pau-Orthez (France), 1997 DOB , France,2018
32, Jevon Carter, MEM, , PG, 6-2, 196, 22, 0, West Virginia, Sr, United States,2018
33, Jalen Brunson, DAL, , PG, 6-3, 190, 21, 0, Villanova, Jr , United States,2018
34, Devonte' Graham, ATL, ATL to CHA, PG, 6-2, 185, 23, 0, Kansas, Sr, United States,2018
35, Melvin Frazier Jr., ORL, , SF, 6-6, 200, 21, 0, Tulane, Jr , United States,2018
36, Mitchell Robinson, NYK, , C, 7-0, 225, 20, 0,  , Fr , United States,2018
37, Gary Trent Jr., SAC, SAC to POR, SG, 6-6, 205, 19, 0, Duke, Fr , United States,2018
38, Khyri Thomas, PHL, PHL to DET, SG, 6-3, 210, 22, 0, Creighton, Jr , United States,2018
39, Isaac Bonga, PHL, PHL to LAL, SG, 6-9, 203, 18, 0, Fraport Skyliners (Germany), 1999 DOB , Germany,2018
40, Rodions Kurucs, BRK, , SF, 6-9, 210, 20, 0, FC Barcelona Lassa (Spain), 1998 DOB , Latvia,2018
41, Jarred Vanderbilt, ORL, ORL to DEN, PF, 6-9, 214, 19, 0, Kentucky, Fr , United States,2018
42, Bruce Brown Jr., DET, , SG, 6-5, 202, 21, 0, Miami (FL), So , United States,2018
43, Justin Jackson, DEN, DEN to ORL, SF, 6-7, 229, 21, 0, Maryland, So , Canada,2018
44, Yusuf Sanon, WAS, , SG, 6-4, 185, 18, 0, Union Olimpija (Slovenia), 1999 DOB , Ukraine,2018
45, Hamidou Diallo, BRK, BRK to CHACHA to OKC, SG, 6-5, 198, 19, 0, Kentucky, Fr , United States / Guinea,2018
46, De'Anthony Melton, HOU, HOU to PHX, SG, 6-4, 200, 20, 0, USC, So , United States,2018
47, Svi Mykhailiuk, LAL, , SF, 6-8, 212, 21, 0, Kansas, Sr, Ukraine,2018
48, Keita Bates-Diop, MIN, , SF, 6-9, 223, 22, 0, Ohio State, Jr , United States,2018
49, Chimezie Metu, SAN, , PF, 6-10, 225, 21, 0, USC, Jr , United States / Nigeria,2018
50, Alize Johnson, IND, , SF, 6-9, 212, 22, 0, Missouri State, Sr, United States,2018
51, Tony Carr, NOP, , PG, 6-5, 204, 20, 0, Penn State, So , United States,2018
52, Vince Edwards, UTH, UTH to HOU, SF, 6-8, 225, 22, 0, Purdue, Sr, United States,2018
53, Devon Hall, OKC, , SG, 6-6, 206, 22, 0, Virginia, Sr, United States,2018
54, Shake Milton, DAL, DAL to PHL, SG, 6-6, 205, 21, 0, Southern Methodist, Jr , United States,2018
55, Arnoldas Kulboka, CHA, , SF, 6-10, 215, 20, 0, Orlandina Basket (Italy), 1998 DOB , Lithuania,2018
56, Raymond Spalding, PHL, PHL to DAL, PF, 6-10, 215, 21, 0, Louisville, Jr , United States,2018
57, Kevin Hervey, OKC, , PF, 6-9, 230, 21, 0, Texas-Arlington, Sr, United States,2018
58, Thomas Welsh, DEN, , C, 7-0, 255, 22, 0, UCLA, Sr, United States,2018
59, George King, PHX, , SF, 6-6, 220, 24, 0, Colorado, Sr, United States,2018
60, Kostas Antetokounmpo, PHL, PHL to DAL, PF, 6-10, 197, 20, 0, Dayton, Fr , Greece / United States,2018
0,Wesley Matthews,0,0, G, 6-5, 220, 22, 9, Marquette, Sr, United States,2009
0,Alonzo Gee,0,0, SF, 6-6, 225, 22, 8, Alabama, Sr, United States,2009
0,Garrett Temple,0,0, G, 6-6, 195, 23, 8, LSU, Sr, United States,2009
0,Aron Baynes,0,0, C, 6-10, 260, 22, 6, Washington State, Sr, New Zealand / Australia,2009
0,Jeff Adrien,0,0, SF, 6-7, 245, 23, 5, Connecticut, Sr, United States,2009
0,Joe Ingles,0,0, F, 6-8, 226, 21, 4, Melbourne South (Australia), 1987 DOB, Australia,2009
0,Chris Johnson,0,0, C, 6-11, 209, 23, 3, LSU, Sr, United States,2009
0,Jerel McNeal,0,0, SG, 6-3, 200, 21, 3, Marquette, Sr, United States,2009
0,Gigi Datome,0,0, SF, 6-8, 215, 21, 2, Virtus Bologna (Italy), 1987 DOB, Italy,2009
0,Justin Dentmon,0,0, PG, 6-0, 183, 23, 2, Washington, Sr, United States,2009
0,Vitor Faverani,0,0, FC, 6-11, 260, 21, 2, Unicaja Malaga (Spain), 1988 DOB , Brazil,2009
0,Terrel Harris,0,0, SF, 6-5, 190, 21, 2, Oklahoma State, Sr, United States,2009
0,Viacheslav Kravtsov,0,0, C, 6-11, 254, 21, 2, BC Kyiv (Ukraine), 1987 DOB, Ukraine,2009
0,Jeremy Pargo,0,0, PG, 6-2, 219, 23, 2, Gonzaga, Sr, United States,2009
0,Garret Siler,0,0, C, 6-11, 305, 22, 2, Augusta University, Sr, United States,2009
0,Josh Akognon,0,0, PG, 5-11, 175, 23, 1, Cal State Fullerton, Sr, United States / Nigeria,2009
0,Alade Aminu,0,0, C, 6-10, 225, 21, 1, Georgia Tech, Sr, United States / Nigeria,2009
0,Antonio Anderson,0,0, SG, 6-6, 215, 24, 1, Memphis, Sr, United States,2009
0,Dionte Christmas,0,0, SG, 6-5, 205, 22, 1, Temple, Sr, United States,2009
0,Marcus Cousin,0,0, C, 6-11, 255, 22, 1, Houston, Sr, United States,2009
0,Shane Edwards,0,0, F, 6-7, 220, 22, 1, Little Rock, Sr, United States,2009
0,Tony Gaffney,0,0, PF, 6-8, 215, 24, 1, Massachusetts, Sr, United States,2009
0,Kenny Hasbrouck,0,0, SG, 6-3, 194, 22, 1, Siena, Sr, United States,2009
0,Aaron Jackson,0,0, G, 6-4, 185, 23, 1, Duquesne, Sr, United States,2009
0,Cedric Jackson,0,0, PG, 6-3, 190, 23, 1, Cleveland State, Sr, United States,2009
0,Curtis Jerrells,0,0, PG, 6-1, 195, 22, 1, Baylor, Sr, United States,2009
0,Marcus Landry,0,0, F, 6-7, 230, 23, 1, Wisconsin, Sr, United States,2009
0,Diamon Simpson,0,0, F, 6-7, 230, 21, 1, Saint Mary's, Sr, United States,2009
0,Luke Zeller,0,0, C, 6-11, 245, 22, 1, Notre Dame, Sr, United States,2009
0,Connor Atchley,0,0, F-C, 6-10, 225, 23, 0, Texas, Sr, United States,2009
0,Tyrell Biggs,0,0, F, 6-8, 240, 22, 0, Pittsburgh, Sr, United States,2009
0,Josh Bostic,0,0, F, 6-5, 230, 22, 0, Findlay, Sr, United States,2009
0,Micah Downs,0,0, G, 6-8, 200, 22, 0, Gonzaga, Sr, United States,2009
0,Courtney Fells,0,0, GF, 6-5, 205, 22, 0, NC State, Sr, United States,2009
0,Anthony Goods,0,0, G, 6-3, 200, 22, 0, Stanford, Sr, United States,2009
0,Paul Harris,0,0, G-F, 6-4, 230, 22, 0, Syracuse, Jr , United States,2009
0,Russell Hicks,0,0, C, 6-10, 253, 24, 0, Florida International, Sr, Canada,2009
0,Lawrence Hill,0,0, PF, 6-8, 235, 21, 0, Stanford, Sr, United States,2009
0,Dominic James,0,0, PG, 5-11, 185, 22, 0, Marquette, Sr, United States,2009
0,Ben McCauley,0,0, F, 6-9, 237, 22, 0, NC State, Sr, United States,2009
0,Luke Nevill,0,0, C, 7-2, 265, 23, 0, Utah, Sr, Australia,2009
0,Kleon Penn,0,0, C, 6-11, 295, 22, 0, McNeese State, Sr, British Virgin Islands,2009
0,Raymond Sykes,0,0, C, 6-9, 220, 22, 0, Clemson, Sr, United States,2009
0,Gal Mekel,0,0, PG, 6-3, 202, 21, 2, Maccabi FOX Tel Aviv (Israel), 1988 DOB, Israel,2009
0,Milos Teodosic,0,0, PG, 6-5, 196, 22, 1, Olympiacos (Greece), 1987 DOB, Serbia,2009
0,Kyle Goldcamp,0,0, FC, 6-10, 250, 23, 0, Gannon, Sr, United States,2009
0,Marcus Lewis,0,0, PF, 6-8, 245, 22, 0, Oral Roberts, Sr, United States,2009
0,Jeremy Lin,0,0, G, 6-3, 200, 21, 8, Harvard, Sr, United States,2010
0,Ish Smith,0,0, PG, 6-0, 175, 21, 8, Wake Forest, Sr, United States,2010
0,Lance Thomas,0,0, F, 6-8, 235, 22, 7, Duke, Sr, United States,2010
0,Donald Sloan,0,0, G, 6-3, 205, 22, 5, Texas A&amp;M, Sr, United States,2010
0,Manny Harris,0,0, G, 6-5, 185, 20, 4, Michigan, Jr , United States,2010
0,Boban Marjanovic,0,0, C, 7-3, 290, 21, 3, KK Vrsac Swisslion (Serbia), 1988 DOB, Serbia,2010
0,Elijah Millsap,0,0, GF, 6-6, 215, 22, 3, UAB, Jr , United States,2010
0,Arinze Onuaku,0,0, PF, 6-9, 255, 22, 3, Syracuse, Sr, United States,2010
0,Samardo Samuels,0,0, FC, 6-9, 260, 21, 3, Louisville, So , Jamaica,2010
0,Alexey Shved,0,0, G, 6-6, 187, 21, 3, Dynamo Moscow (Russia), 1988 DOB, Russia,2010
0,Jonathan Gibson,0,0, PG, 6-2, 185, 22, 2, New Mexico State, Sr, United States,2010
0,Miroslav Raduljica,0,0, C, 7-0, 250, 22, 2, KK FMP (Serbia), 1988 DOB, Serbia,2010
0,Ben Uzoh,0,0, SG, 6-3, 205, 22, 2, Tulsa, Sr, United States / Nigeria,2010
0,Marqus Blakely,0,0, F, 6-5, 225, 21, 1, Vermont, Sr, United States,2010
0,Patrick Christopher,0,0, GF, 6-5, 209, 22, 1, California, Sr, United States,2010
0,Sherron Collins,0,0, PG, 5-11, 205, 23, 1, Kansas, Sr, United States,2010
0,Jerome Dyson,0,0, G, 6-3, 180, 23, 1, Connecticut, Sr, United States,2010
0,Jeff Foote,0,0, C, 7-0, 265, 22, 1, Cornell, Sr, United States,2010
0,Dennis Horner,0,0, PF, 6-9, 230, 22, 1, NC State, Sr, United States,2010
0,Matt Janning,0,0, GF, 6-4, 198, 22, 1, Northeastern, Sr, United States,2010
0,Tim Ohlbrecht,0,0, FC, 6-10, 260, 21, 1, Telekom Baskets Bonn (Germany), 1988 DOB, Germany,2010
0,Jerry Smith,0,0, G, 6-2, 190, 22, 1, Louisville, Sr, United States,2010
0,Edwin Ubiles,0,0, GF, 6-6, 205, 23, 1, Siena, Sr, United States / Puerto Rico,2010
0,Ronnie Aguilar,0,0, C, 7-1, 250, 23, 0, Colorado State, Sr, United States,2010
0,Eric Boateng,0,0, C, 6-8, 255, 24, 0, Arizona State, Sr, England,2010
0,Tweety Carter,0,0, PG, 5-11, 185, 23, 0, Baylor, Sr, United States,2010
0,Richard Delk,0,0, G, 6-4, 175, 23, 0, Troy, Sr, United States,2010
0,Stephen Dennis,0,0, G, 6-6, 180, 22, 0, Kutztown, Sr, United States,2010
0,Jordan Eglseder,0,0, C, 7-0, 280, 21, 0, Northern Iowa, Sr, United States,2010
0,James Florence,0,0, PG, 6-1, 186, 22, 0, Mercer, Sr, United States,2010
0,Charles Garcia,0,0, FC, 6-10, 230, 21, 0, Seattle, Jr , United States,2010
0,Vernon Goodridge,0,0, F, 6-9, 220, 26, 0, La Salle, Sr, United States,2010
0,Kenny Hayes,0,0, G, 6-2, 175, 23, 0, Miami (OH), Sr, United States,2010
0,Tory Jackson,0,0, G, 5-11, 205, 22, 0, Notre Dame, Sr, United States,2010
0,Dominique Johnson,0,0, G, 6-3, 195, 23, 0, Azusa Pacific, Sr, United States,2010
0,Tyren Johnson,0,0, F, 6-8, 225, 21, 0, Louisiana, Sr, United States,2010
0,Adam Koch,0,0, F, 6-8, 255, 22, 0, Northern Iowa, Sr, United States,2010
0,Mac Koshwal,0,0, FC, 6-10, 255, 22, 0, DePaul, Jr , United States,2010
0,Chris Kramer,0,0, G, 6-3, 195, 22, 0, Purdue, Sr, United States,2010
0,Dwight Lewis,0,0, G, 6-6, 215, 22, 0, USC, Sr, United States / Venezuela,2010
0,Anthony Mason Jr.,0,0, F, 6-7, 215, 23, 0, St. John's, Sr, United States,2010
0,Tasmin Mitchell,0,0, SF, 6-7, 245, 23, 0, LSU, Sr, United States,2010
0,Kevin Palmer,0,0, SF, 6-6, 210, 23, 0, Texas A&amp;M-CC, Sr, United States,2010
0,J.P. Prince,0,0, F, 6-8, 205, 22, 0, Tennessee, Sr, United States,2010
0,Jerome Randle,0,0, PG, 5-10, 172, 23, 0, California, Sr, United States / Ukraine,2010
0,Scottie Reynolds,0,0, G, 6-2, 209, 22, 0, Villanova, Sr, United States,2010
0,Matt Rogers,0,0, C, 6-11, 225, 22, 0, Southwest Baptist, Sr, United States,2010
0,Billy Rush,0,0, G, 6-6, 200, 22, 0, Robert Morris-Springfield, Sr, United States,2010
0,Omar Samhan,0,0, C, 6-11, 265, 21, 0, Saint Mary's, Sr, United States / Egypt,2010
0,Jon Scheyer,0,0, G, 6-5, 190, 22, 0, Duke, Sr, United States,2010
0,DeShawn Sims,0,0, F, 6-8, 224, 22, 0, Michigan, Sr, United States,2010
0,Edgar Sosa,0,0, G, 6-2, 175, 22, 0, Louisville, Sr, United States / Dominican Republic,2010
0,Patrick Sullivan,0,0, PF, 6-9, 215, 21, 0, Southeastern Louisiana, Sr, United States,2010
0,Devin Sweetney,0,0, GF, 6-6, 200, 22, 0, St. Francis (PA), Sr, United States,2010
0,Seth Tarver,0,0, GF, 6-5, 210, 21, 0, Oregon State, Sr, United States,2010
0,Ryan Thompson,0,0, F, 6-6, 220, 22, 0, Rider, Sr, United States,2010
0,Corey Webster,0,0, SG, 6-2, 190, 21, 0, New Zealand (New Zealand), 1988 DOB, New Zealand,2010
0,Tyler Wilkerson,0,0, F, 6-8, 240, 21, 0, Marshall, Sr, United States,2010
0,Jeremy Wise,0,0, PG, 6-2, 185, 24, 0, Bakersfield Jam, 1986 DOB, United States,2010
0,Brian Zoubek,0,0, C, 7-1, 260, 22, 0, Duke, Sr, United States,2010
0,Courtney Fortson,0,0, G, 5-11, 185, 22, 1, Arkansas, So , United States,2010
0,Jamar Smith,0,0, SG, 6-3, 185, 23, 0, Southern Indiana, Sr, United States,2010
0,Justin Holiday,0,0, SF, 6-6, 181, 22, 5, Washington, Sr, United States,2011
0,Julyan Stone,0,0, PG, 6-6, 200, 22, 4, UTEP, Sr, United States,2011
0,Malcolm Thomas,0,0, F, 6-9, 225, 22, 4, San Diego State, Sr, United States,2011
0,Dwight Buycks,0,0, G, 6-3, 190, 22, 3, Marquette, Sr, United States,2011
0,Malcolm Delaney,0,0, SG, 6-3, 190, 22, 2, Virginia Tech, Sr, United States,2011
0,Diante Garrett,0,0, SG, 6-4, 190, 22, 2, Iowa State, Sr, United States,2011
0,Cory Higgins,0,0, G, 6-5, 181, 22, 2, Colorado, Sr, United States,2011
0,John Holland,0,0, SF, 6-5, 205, 22, 2, Boston University, Sr, United States / Puerto Rico,2011
0,Mindaugas Kuzminskas,0,0, SF, 6-9, 215, 21, 2, Siauliai (Lithuania), 1989 DOB, Lithuania,2011
0,Xavier Silas,0,0, SG, 6-5, 198, 23, 2, Northern Illinois, Sr, United States,2011
0,Chris Wright,0,0, F, 6-8, 225, 22, 2, Dayton, Sr, United States,2011
0,Zoran Dragic,0,0, SG, 6-5, 200, 22, 1, Geoplin Slovan (Slovenia), 1989 DOB, Slovenia,2011
0,Ben Hansbrough,0,0, G, 6-3, 203, 23, 1, Notre Dame, Sr, United States,2011
0,Omari Johnson,0,0, F, 6-9, 220, 22, 1, Oregon State, Sr, Jamaica / United States,2011
0,D.J. Kennedy,0,0, GF, 6-6, 215, 21, 1, St. John's, Sr, United States,2011
0,Kalin Lucas,0,0, PG, 6-1, 195, 22, 1, Michigan State, Sr, United States,2011
0,Jacob Pullen,0,0, G, 6-1, 200, 21, 1, Kansas State, Sr, United States / Georgia,2011
0,Alex Stepheson,0,0, PF, 6-10, 249, 23, 1, USC, Sr, United States,2011
0,Mychel Thompson,0,0, SF, 6-6, 211, 23, 1, Pepperdine, Sr, United States,2011
0,Chris Wright,0,0, PG, 6-1, 210, 21, 1, Georgetown, Sr, United States,2011
0,Kevin Anderson,0,0, PG, 6-0, 170, 22, 0, Richmond, Sr, United States,2011
0,Dairis Bertans,0,0, SG, 6-4, 190, 21, 0, BK Ventspils (Latvia), 1989 DOB, Latvia,2011
0,Gilbert Brown,0,0, SF, 6-6, 215, 23, 0, Pittsburgh, Sr, United States,2011
0,Justin Brownlee,0,0, SF, 6-7, 220, 23, 0, St. John's, Sr, United States,2011
0,Vance Cooksey,0,0, G, 6-0, 175, 23, 0, Pikeville, Sr, United States,2011
0,Jarrid Famous,0,0, C, 6-11, 239, 22, 0, South Florida, Sr, United States,2011
0,Mustapha Farrakhan,0,0, G, 6-4, 180, 22, 0, Virginia, Sr, United States,2011
0,Gary Flowers,0,0, PF, 6-8, 214, 25, 0, Southern Mississippi, Sr, United States,2011
0,Devin Gibson,0,0, G, 6-0, 176, 22, 0, Texas-San Antonio, Sr, United States,2011
0,Zach Graham,0,0, G, 6-6, 210, 22, 0, Ole Miss, Sr, United States,2011
0,Steven Gray,0,0, SG, 6-5, 205, 22, 0, Gonzaga, Sr, United States,2011
0,Demonte Harper,0,0, SG, 6-4, 195, 22, 0, Morehead State, Sr, United States,2011
0,Frank Hassell,0,0, F, 6-8, 235, 22, 0, Old Dominion, Sr, United States,2011
0,Jeremy Hazell,0,0, G, 6-5, 180, 25, 0, Seton Hall, Sr, United States,2011
0,Paris Horne,0,0, PG, 6-3, 189, 23, 0, St. John's, Sr, United States,2011
0,Rick Jackson,0,0, PF, 6-9, 235, 22, 0, Syracuse, Sr, United States,2011
0,Cameron Jones,0,0, G, 6-4, 185, 22, 0, Northern Arizona, Sr, United States,2011
0,Dallas Lauderdale,0,0, F, 6-8, 260, 22, 0, Ohio State, Sr, United States,2011
0,David Lighty,0,0, SF, 6-6, 216, 23, 0, Ohio State, Sr, United States,2011
0,Demetri McCamey,0,0, PG, 6-3, 205, 22, 0, Illinois, Sr, United States,2011
0,Mickey McConnell,0,0, PG, 6-0, 189, 22, 0, Saint Mary's, Sr, United States,2011
0,Casey Mitchell,0,0, SG, 6-4, 220, 23, 0, West Virginia, Sr, United States,2011
0,Adrian Oliver,0,0, G, 6-4, 210, 23, 0, San Jose State, Sr, United States,2011
0,Brian Qvale,0,0, C, 6-11, 255, 22, 0, Montana, Sr, United States,2011
0,Damian Saunders,0,0, SF, 6-8, 214, 22, 0, Duquesne, Sr, United States,2011
0,Carleton Scott,0,0, F, 6-8, 218, 22, 0, Notre Dame, Jr , United States,2011
0,Devin Searcy,0,0, FC, 6-10, 226, 21, 0, Dayton, Sr, United States,2011
0,Marcus Simmons,0,0, G, 6-6, 220, 23, 0, USC, Sr, United States,2011
0,Durrell Summers,0,0, SG, 6-5, 205, 21, 0, Michigan State, Sr, United States,2011
0,Mike Tisdale,0,0, C, 7-1, 249, 21, 0, Illinois, Sr, United States,2011
0,Brad Wanamaker,0,0, SG, 6-4, 210, 21, 0, Pittsburgh, Sr, United States,2011
0,Billy White,0,0, F, 6-8, 235, 22, 0, San Diego State, Sr, United States,2011
0,Willie Reed,0,0, F, 6-11, 245, 21, 5, Saint Louis, Jr , United States,2011
0,Greg Smith,0,0, C, 6-10, 250, 20, 5, Fresno State, So , United States,2011
0,Scotty Hopson,0,0, SF, 6-7, 204, 21, 2, Tennessee, Jr , United States,2011
0,Jake Anderson,0,0, PG, 6-2, 200, 24, 0, Iowa State, Sr, United States,2011
0,Paul Carter,0,0, F, 6-8, 200, 24, 0, Illinois-Chicago, Sr, United States,2011
0,Mike Dunigan,0,0, C, 6-10, 245, 21, 0, Hapoel Bank Yahav Jerusalem (Israel), 1989 DOB, United States,2011
0,Phil Jones,0,0, C, 6-11, 250, 25, 0, Charlotte, Sr, United States / U.S. Virgin Islands,2011
0,Kent Bazemore,0,0, GF, 6-5, 201, 22, 6, Old Dominion, Sr, United States,2012
0,JaMychal Green,0,0, PF, 6-9, 227, 22, 4, Alabama, Sr, United States,2012
0,Chris Johnson,0,0, SF, 6-6, 206, 22, 4, Dayton, Sr, United States,2012
0,Henry Sims,0,0, C, 6-10, 248, 22, 4, Georgetown, Sr, United States,2012
0,Jorge Gutierrez,0,0, PG, 6-3, 195, 23, 3, California, Sr, Mexico / United States,2012
0,Toure' Murry,0,0, G, 6-5, 200, 22, 2, Wichita State, Sr, United States,2012
0,Mike James,0,0, PG, 6-1, 190, 21, 1, Lamar, Sr, United States,2012
0,DeQuan Jones,0,0, SF, 6-8, 221, 22, 1, Miami (FL), Sr, United States,2012
0,Nicolas Laprovittola,0,0, PG, 6-4, 180, 22, 1, Lanus (Argentina), 1990 DOB, Argentina,2012
0,Scott Machado,0,0, PG, 6-3, 201, 22, 1, Iona, Sr, United States / Brazil,2012
0,Josh Magette,0,0, PG, 6-1, 160, 22, 1, Alabama-Huntsville, Sr, United States,2012
0,James Nunnally,0,0, F, 6-7, 220, 21, 1, UC Santa Barbara, Sr, United States,2012
0,Chris Smith,0,0, G, 6-2, 195, 24, 1, Louisville, Sr, United States,2012
0,Casper Ware,0,0, G, 5-10, 175, 22, 1, Long Beach State, Sr, United States,2012
0,C.J. Williams,0,0, SG, 6-5, 230, 22, 1, NC State, Sr, United States,2012
0,Ryan Allen,0,0, G, 6-3, 200, 23, 0, Milwaukee, Sr, United States,2012
0,Oscar Bellfield,0,0, G, 6-2, 190, 22, 0, UNLV, Sr, United States,2012
0,Micheal Eric,0,0, FC, 6-11, 240, 24, 0, Temple, Sr, Nigeria,2012
0,Kyle Fogg,0,0, PG, 6-3, 183, 22, 0, Arizona, Sr, United States,2012
0,Lance Goulbourne,0,0, GF, 6-8, 225, 23, 0, Vanderbilt, Sr, United States,2012
0,Eric Griffin,0,0, GF, 6-8, 194, 22, 0, Campbell, Sr, United States,2012
0,Lazeric Jones,0,0, PG, 6-0, 185, 21, 0, UCLA, Sr, United States,2012
0,Dominique Morrison,0,0, F, 6-6, 213, 22, 0, Oral Roberts, Sr, United States,2012
0,Greg Somogyi,0,0, C, 7-2, 240, 22, 0, UC Santa Barbara, Sr, Hungary,2012
0,Mitchell Watt,0,0, F, 6-10, 225, 22, 0, Buffalo, Sr, United States,2012
0,Wesley Witherspoon,0,0, GF, 6-9, 207, 22, 0, Memphis, Sr, United States,2012
0,Hollis Thompson,0,0, SF, 6-8, 206, 21, 4, Georgetown, Jr , United States,2012
0,Jonathon Simmons,0,0, G, 6-6, 195, 22, 3, Houston, Jr , United States,2012
0,Maalik Wayns,0,0, PG, 6-1, 195, 21, 2, Villanova, Jr , United States / Belarus,2012
0,Drew Gordon,0,0, PF, 6-9, 245, 21, 1, New Mexico, Sr, United States,2012
0,Kevin Jones,0,0, PF, 6-8, 260, 22, 1, West Virginia, Sr, United States,2012
0,Tony Mitchell,0,0, SF, 6-6, 216, 22, 1, Alabama, Jr , United States,2012
0,Dee Bost,0,0, G, 6-2, 176, 22, 0, Mississippi State, Sr, United States / Bulgaria,2012
0,Carlon Brown,0,0, SG, 6-5, 216, 22, 0, Colorado, Sr, United States,2012
0,D'Aundray Brown,0,0, G, 6-4, 195, 23, 0, Cleveland State, Sr, United States,2012
0,Olek Czyz,0,0, F, 6-8, 240, 22, 0, Nevada, Sr, Poland,2012
0,Tu Holloway,0,0, PG, 6-0, 190, 22, 0, Xavier, Sr, United States,2012
0,Reeves Nelson,0,0, PF, 6-8, 235, 20, 0, Zalgiris (Lithuania), 1991 DOB , United States,2012
0,Josh Owens,0,0, PF, 6-8, 240, 23, 0, Stanford, Sr, United States,2012
0,John Shurna,0,0, F, 6-9, 215, 22, 0, Northwestern, Sr, United States,2012
0,Hank Thorns,0,0, PG, 5-9, 165, 23, 0, Texas Christian, Sr, United States,2012
0,Charlie Westbrook,0,0, G, 6-4, 196, 22, 0, South Dakota, Sr, United States,2012
0,Ian Clark,0,0, G, 6-3, 175, 22, 5, Belmont, Sr, United States,2013
0,Robert Covington,0,0, F, 6-9, 225, 22, 5, Tennessee State, Sr, United States,2013
0,Seth Curry,0,0, G, 6-2, 185, 22, 5, Duke, Sr, United States,2013
0,Troy Daniels,0,0, G, 6-4, 205, 21, 5, VCU, Sr, United States,2013
0,Matt Dellavedova,0,0, G, 6-4, 200, 22, 5, Saint Mary's, Sr, Australia,2013
0,Jack Cooley,0,0, PF, 6-10, 265, 22, 2, Notre Dame, Sr, United States,2013
0,Brandon Davies,0,0, PF, 6-8, 240, 21, 2, Brigham Young, Sr, United States,2013
0,Rodney McGruder,0,0, SG, 6-4, 200, 21, 2, Kansas State, Sr, United States,2013
0,Will Cherry,0,0, G, 6-1, 188, 22, 1, Montana, Sr, United States,2013
0,Elias Harris,0,0, SF, 6-8, 239, 23, 1, Gonzaga, Sr, Germany,2013
0,Reggie Hearn,0,0, G, 6-5, 210, 21, 1, Northwestern, Sr, United States,2013
0,Brandon Paul,0,0, G, 6-4, 200, 22, 1, Illinois, Sr, United States,2013
0,James Southerland,0,0, F, 6-8, 221, 23, 1, Syracuse, Sr, United States,2013
0,D.J. Stephens,0,0, GF, 6-5, 188, 22, 1, Memphis, Sr, United States,2013
0,Reginald Becton,0,0, PF, 6-10, 255, 22, 0, Ole Miss, Sr, United States,2013
0,Damen Bell-Holter,0,0, FC, 6-9, 245, 23, 0, Oral Roberts, Sr, United States,2013
0,Ryan Broekhoff,0,0, SF, 6-7, 215, 22, 0, Valparaiso, Sr, Australia,2013
0,Abdul Gaddy,0,0, PG, 6-3, 185, 21, 0, Washington, Sr, United States,2013
0,Ramon Galloway,0,0, G, 6-3, 180, 22, 0, La Salle, Sr, United States,2013
0,Garlon Green,0,0, GF, 6-7, 215, 22, 0, Texas Christian, Sr, United States,2013
0,Jordan Henriquez,0,0, PF, 6-11, 250, 23, 0, Kansas State, Sr, United States,2013
0,Richard Howell,0,0, PF, 6-8, 257, 22, 0, NC State, Sr, United States / Israel,2013
0,Trent Lockett,0,0, SF, 6-5, 209, 22, 0, Marquette, Sr, United States,2013
0,Brock Motum,0,0, PF, 6-10, 235, 22, 0, Washington State, Sr, Australia,2013
0,Durand Scott,0,0, SG, 6-5, 203, 23, 0, Miami (FL), Sr, United States / Jamaica,2013
0,E.J. Singler,0,0, SF, 6-6, 215, 23, 0, Oregon, Sr, United States,2013
0,Jason Washburn,0,0, C, 7-0, 245, 23, 0, Utah, Sr, United States,2013
0,Christian Watford,0,0, PF, 6-9, 220, 22, 0, Indiana, Sr, United States,2013
0,Rodney Williams,0,0, F, 6-7, 205, 21, 0, Minnesota, Sr, United States,2013
0,Scott Wood,0,0, SF, 6-6, 175, 23, 0, NC State, Sr, United States,2013
0,Khalif Wyatt,0,0, G, 6-4, 205, 22, 0, Temple, Sr, United States,2013
0,Dewayne Dedmon,0,0, PF, 7-0, 245, 23, 5, USC, Jr , United States,2013
0,Vander Blue,0,0, SG, 6-5, 200, 20, 3, Marquette, Jr , United States,2013
0,Phil Pressey,0,0, PG, 5-11, 175, 22, 3, Missouri, Jr , United States,2013
0,Chris Babb,0,0, G, 6-5, 225, 23, 2, Iowa State, Sr, United States,2013
0,Larry Drew,0,0, G, 6-2, 180, 23, 2, UCLA, Sr, United States,2013
0,Trey McKinney Jones,0,0, SG, 6-5, 220, 22, 1, Miami (FL), Sr, United States,2013
0,Daniel Theis,0,0, C, 6-8, 243, 21, 1, Ratiopharm Ulm (Germany), 1992 DOB , Germany,2013
0,Adonis Thomas,0,0, PF, 6-7, 240, 20, 1, Memphis, So , United States,2013
0,C.J. Aiken,0,0, F, 6-9, 200, 22, 0, Saint Joseph's, Jr , United States,2013
0,Myck Kabongo,0,0, PG, 6-3, 180, 21, 0, Texas, So , Canada,2013
0,Kenny Kadji,0,0, C, 6-10, 242, 25, 0, Miami (FL), Sr, Cameroon / United States,2013
0,C.J. Leslie,0,0, PF, 6-9, 205, 22, 0, NC State, Jr , United States,2013
0,Nick Minnerath,0,0, F, 6-9, 215, 23, 0, Detroit-Mercy, Sr, United States,2013
0,B.J. Young,0,0, G, 6-4, 180, 20, 0, Arkansas, So , United States,2013
0,Tarik Black,0,0, PF, 6-9, 250, 22, 4, Kansas, Sr, United States,2014
0,Jarell Eddie,0,0, SF, 6-8, 218, 22, 4, Virginia Tech, Sr, United States,2014
0,Langston Galloway,0,0, G, 6-2, 200, 22, 4, Saint Joseph's, Sr, United States,2014
0,Tyler Johnson,0,0, G, 6-4, 190, 22, 4, Fresno State, Sr, United States,2014
0,Cristiano Felicio,0,0, C, 6-10, 265, 21, 3, Minas (Brazil), 1992 DOB, Brazil,2014
0,Bryce Cotton,0,0, PG, 6-1, 165, 21, 2, Providence, Sr, United States,2014
0,Xavier Munford,0,0, G, 6-2, 180, 22, 2, Rhode Island, Sr, United States,2014
0,David Stockton,0,0, G, 5-11, 165, 23, 2, Gonzaga, Sr, United States,2014
0,Okaro White,0,0, F, 6-8, 205, 21, 2, Florida State, Sr, United States,2014
0,Keith Appling,0,0, G, 6-0, 190, 22, 1, Michigan State, Sr, United States,2014
0,Coty Clarke,0,0, F, 6-7, 235, 21, 1, Arkansas, Sr, United States,2014
0,Torrey Craig,0,0, GF, 6-6, 215, 23, 1, USC Upstate, Sr, United States,2014
0,C.J. Fair,0,0, F, 6-8, 218, 22, 1, Syracuse, Sr, United States,2014
0,Walt Lemon Jr.,0,0, G, 6-3, 180, 21, 1, Bradley, Sr, United States,2014
0,Ronald Roberts,0,0, F, 6-8, 219, 22, 1, Saint Joseph's, Sr, United States,2014
0,Patric Young,0,0, PF, 6-9, 239, 22, 1, Florida, Sr, United States,2014
0,Eric Atkins,0,0, PG, 6-2, 182, 22, 0, Notre Dame, Sr, United States,2014
0,Jordan Bachynski,0,0, C, 7-2, 250, 24, 0, Arizona State, Sr, Canada,2014
0,Davion Berry,0,0, GF, 6-4, 185, 22, 0, Weber State, Sr, United States,2014
0,Deonte Burton,0,0, PG, 6-1, 193, 22, 0, Nevada, Sr, United States,2014
0,Tre Bussey,0,0, G, 6-3, 170, 22, 0, Georgia Southern, Sr, United States,2014
0,Aaron Craft,0,0, G, 6-2, 195, 23, 0, Ohio State, Sr, United States,2014
0,Chris Crawford,0,0, G, 6-4, 220, 21, 0, Memphis, Sr, United States,2014
0,Mitchell Creek,0,0, G, 6-5, 216, 22, 0, Adelaide (Australia), 1992 DOB, Australia,2014
0,Fuquan Edwin,0,0, SF, 6-6, 213, 22, 0, Seton Hall, Sr, United States,2014
0,Melvin Ejim,0,0, SF, 6-6, 220, 23, 0, Iowa State, Sr, Canada,2014
0,Stephen Holt,0,0, SG, 6-4, 195, 22, 0, Saint Mary's, Sr, United States,2014
0,Joe Jackson,0,0, G, 6-1, 171, 22, 0, Memphis, Sr, United States,2014
0,Geron Johnson,0,0, SG, 6-3, 200, 21, 0, Memphis, Sr, United States,2014
0,Jaron Johnson,0,0, G, 6-6, 205, 22, 0, Louisiana Tech, Sr, United States,2014
0,Shawn Jones,0,0, F, 6-8, 240, 22, 0, Middle Tennessee State, Sr, United States / Kosovo,2014
0,Akil Mitchell,0,0, PF, 6-9, 250, 21, 0, Virginia, Sr, United States / Panama,2014
0,John Petrucelli,0,0, G, 6-4, 190, 21, 0, Molloy, Sr, United States,2014
0,Casey Prather,0,0, F, 6-6, 208, 23, 0, Florida, Sr, United States,2014
0,Orlando Sanchez,0,0, PF, 6-9, 230, 26, 0, St. John's, Sr, Dominican Republic,2014
0,Richard Solomon,0,0, PF, 6-11, 235, 22, 0, California, Sr, United States,2014
0,Nick Wiggins,0,0, SG, 6-6, 192, 23, 0, Wichita State, Sr, Canada,2014
0,Scottie Wilbekin,0,0, G, 6-2, 176, 21, 0, Florida, Sr, United States,2014
0,Tim Frazier,0,0, G, 6-0, 172, 23, 4, Penn State, Sr, United States,2014
0,Sean Kilpatrick,0,0, SG, 6-4, 212, 24, 4, Cincinnati, Sr, United States,2014
0,James McAdoo,0,0, PF, 6-9, 230, 21, 4, North Carolina, Jr , United States,2014
0,Eric Moreland,0,0, FC, 6-10, 238, 22, 3, Oregon State, Jr , United States,2014
0,JaKarr Sampson,0,0, F, 6-9, 214, 21, 3, St. John's, So , United States,2014
0,Axel Toupane,0,0, SG, 6-7, 210, 21, 2, Strasbourg IG (France), 1992 DOB, France,2014
0,Travis Wear,0,0, PF, 6-10, 225, 23, 2, UCLA, Sr, United States,2014
0,Shayne Whittington,0,0, C, 6-11, 250, 23, 2, Western Michigan, Sr, United States,2014
0,Jerrelle Benimon,0,0, F, 6-8, 245, 22, 1, Towson, Sr, United States,2014
0,Sim Bhullar,0,0, C, 7-5, 355, 21, 1, New Mexico State, So , Canada,2014
0,Khem Birch,0,0, PF, 6-9, 220, 21, 1, UNLV, Jr , Canada,2014
0,Jabari Brown,0,0, SG, 6-4, 215, 21, 1, Missouri, Jr , United States,2014
0,Andre Dawkins,0,0, SG, 6-4, 206, 22, 1, Duke, Sr, United States,2014
0,Alex Kirk,0,0, C, 7-0, 245, 22, 1, New Mexico, Jr , United States,2014
0,Maxi Kleber,0,0, PF, 6-11, 220, 22, 1, s.Oliver Baskets (Germany), 1992 DOB, Germany,2014
0,David Wear,0,0, PF, 6-10, 225, 23, 1, UCLA, Sr, United States,2014
0,Jamil Wilson,0,0, SF, 6-7, 229, 23, 1, Marquette, Sr, United States,2014
0,Kadeem Batts,0,0, PF, 6-9, 244, 22, 0, Providence, Sr, United States,2014
0,Taylor Braun,0,0, G, 6-7, 210, 22, 0, North Dakota State, Sr, United States,2014
0,Sampson Carter,0,0, F, 6-8, 220, 23, 0, Massachusetts, Sr, United States,2014
0,Kyle Casey,0,0, SF, 6-7, 225, 24, 0, Harvard, Sr, United States,2014
0,Justin Cobbs,0,0, PG, 6-3, 190, 23, 0, California, Sr, United States,2014
0,Drew Crawford,0,0, GF, 6-5, 215, 23, 0, Northwestern, Sr, United States,2014
0,Josh Davis,0,0, F, 6-8, 215, 23, 0, San Diego State, Sr, United States,2014
0,Luke Hancock,0,0, F, 6-6, 200, 24, 0, Louisville, Sr, United States,2014
0,Marshall Henderson,0,0, G, 6-2, 177, 23, 0, Ole Miss, Sr, United States,2014
0,Brady Heslip,0,0, PG, 6-2, 185, 24, 0, Baylor, Sr, Canada,2014
0,Norvel Pelle,0,0, FC, 6-11, 215, 21, 0, Delaware 87ers, 1993 DOB, Lebanon / Antigua and Barbuda,2014
0,Raphiael Putney,0,0, F, 6-10, 185, 24, 0, Massachusetts, Sr, United States,2014
0,Akeem Richmond,0,0, PG, 6-0, 180, 23, 0, East Carolina, Sr, United States,2014
0,Roscoe Smith,0,0, SF, 6-9, 202, 23, 0, UNLV, Jr , United States,2014
0,Yuki Togashi,0,0, G, 5-7, 143, 20, 0, Akita Northern Happinets (Japan), 1993 DOB, Japan,2014
0,Chris Udofia,0,0, F, 6-6, 200, 21, 0, Denver, Sr, United States,2014
0,Jordan Vandenberg,0,0, C, 7-1, 245, 24, 0, NC State, Sr, Australia,2014
0,Talib Zanna,0,0, PF, 6-9, 230, 23, 0, Pittsburgh, Sr, Nigeria,2014
0,Briante Weber,0,0, G, 6-2, 170, 22, 3, VCU, Sr, United States,2015
0,Alan Williams,0,0, FC, 6-8, 265, 22, 3, UC Santa Barbara, Sr, United States,2015
0,Nicolas Brussino,0,0, G, 6-8, 195, 22, 2, Regatas Corrientes (Argentina), 1993 DOB, Argentina,2015
0,Quinn Cook,0,0, PG, 6-2, 179, 22, 2, Duke, Sr, United States,2015
0,Treveon Graham,0,0, GF, 6-5, 225, 21, 2, VCU, Sr, United States,2015
0,Malcolm Miller,0,0, SF, 6-7, 210, 22, 1, Holy Cross, Sr, United States,2015
0,Le'Bryan Nash,0,0, SF, 6-7, 235, 22, 1, Oklahoma State, Sr, United States,2015
0,Maurice Ndour,0,0, F, 6-9, 200, 23, 1, Ohio, Sr, Senegal,2015
0,Royce O'Neale,0,0, SF, 6-6, 226, 22, 1, Baylor, Sr, United States,2015
0,Chasson Randle,0,0, PG, 6-3, 185, 22, 1, Stanford, Sr, United States,2015
0,Darion Atkins,0,0, PF, 6-8, 235, 22, 0, Virginia, Sr, United States,2015
0,Ryan Boatright,0,0, PG, 5-11, 175, 22, 0, Connecticut, Sr, United States / Armenia,2015
0,Derek Cooke Jr.,0,0, F, 6-9, 220, 23, 0, Wyoming, Sr, United States,2015
0,Will Cummings,0,0, PG, 6-2, 175, 22, 0, Temple, Sr, United States,2015
0,Shawn Dawson,0,0, F, 6-6, 205, 21, 0, Maccabi Rosh HaAyin (Israel), 1993 DOB, Israel,2015
0,Nnanna Egwu,0,0, C, 6-11, 250, 22, 0, Illinois, Sr, Nigeria / United States,2015
0,LaDontae Henton,0,0, F, 6-6, 215, 23, 0, Providence, Sr, United States,2015
0,Jonathan Holmes,0,0, F, 6-9, 242, 22, 0, Texas, Sr, United States,2015
0,Michael Holyfield,0,0, C, 6-11, 270, 22, 0, Sam Houston State, Sr, United States,2015
0,Kadeem Jack,0,0, PF, 6-9, 235, 22, 0, Rutgers, Sr, United States,2015
0,Michale Kyser,0,0, F, 6-9, 205, 23, 0, Louisiana Tech, Sr, United States,2015
0,Denzel Livingston,0,0, G, 6-4, 178, 22, 0, Incarnate Word, Sr, United States,2015
0,Yannis Morin,0,0, FC, 6-10, 210, 21, 0, Cholet Basket (France), 1993 DOB, France,2015
0,Youssou Ndoye,0,0, C, 7-0, 250, 23, 0, St. Bonaventure, Sr, Senegal,2015
0,Levi Randolph,0,0, SG, 6-5, 208, 22, 0, Alabama, Sr, United States,2015
0,Jaleel Roberts,0,0, C, 7-0, 235, 22, 0, UNC Asheville, Sr, United States,2015
0,Wesley Saunders,0,0, SF, 6-5, 215, 22, 0, Harvard, Sr, United States,2015
0,Shannon Scott,0,0, G, 6-1, 185, 22, 0, Ohio State, Sr, United States,2015
0,Keifer Sykes,0,0, PG, 6-0, 180, 21, 0, Green Bay, Sr, United States,2015
0,Sam Thompson,0,0, F, 6-7, 200, 22, 0, Ohio State, Sr, United States,2015
0,Travis Trice,0,0, PG, 6-2, 175, 22, 0, Michigan State, Sr, United States,2015
0,Julian Washburn,0,0, SG, 6-8, 210, 23, 0, UTEP, Sr, United States,2015
0,Dez Wells,0,0, GF, 6-5, 215, 23, 0, Maryland, Sr, United States,2015
0,Greg Whittington,0,0, PF, 6-8, 212, 22, 0, Georgetown, Sr, United States,2015
0,Ding Yanyuhang,0,0, SF, 6-7, 200, 21, 0, Shandong (China), 1993 DOB, China,2015
0,Aaron Harrison,0,0, GF, 6-6, 210, 20, 3, Kentucky, So , United States,2015
0,T.J. McConnell,0,0, G, 6-2, 190, 23, 3, Arizona, Sr, United States,2015
0,Cliff Alexander,0,0, PF, 6-9, 245, 19, 2, Kansas, Fr , United States,2015
0,Luis Montero,0,0, SF, 6-7, 185, 22, 2, Westchester CC, So , Dominican Republic,2015
0,Christian Wood,0,0, PF, 6-10, 214, 19, 2, UNLV, So , United States,2015
0,Bryce Dejean-Jones,0,0, G, 6-5, 210, 22, 1, Iowa State, Sr, United States,2015
0,Duje Dukan,0,0, F, 6-10, 220, 23, 1, Wisconsin, Sr, Croatia,2015
0,Vince Hunter,0,0, F, 6-8, 215, 20, 1, UTEP, So , United States,2015
0,Alfonzo McKinnie,0,0, F, 6-8, 215, 22, 1, Green Bay, Sr, United States,2015
0,J.J. O'Brien,0,0, F, 6-7, 228, 23, 1, San Diego State, Sr, United States,2015
0,Brandon Ashley,0,0, PF, 6-9, 230, 20, 0, Arizona, Jr , United States,2015
0,J.J. Avila,0,0, F, 6-8, 250, 23, 0, Colorado State, Sr, United States,2015
0,Mike Cobbins,0,0, PF, 6-8, 230, 22, 0, Oklahoma State, Sr, United States,2015
0,Michael Frazier,0,0, G, 6-4, 200, 21, 0, Florida, Jr , United States,2015
0,Corey Hawkins,0,0, G, 6-3, 195, 23, 0, UC Davis, Sr, United States,2015
0,Stephan Hicks,0,0, GF, 6-6, 200, 23, 0, Cal State Northridge, Sr, United States,2015
0,Jon Horford,0,0, PF, 6-10, 245, 23, 0, Florida, Sr, United States,2015
0,Yanick Moreira,0,0, C, 6-11, 220, 23, 0, Southern Methodist, Sr, Angola,2015
0,Terran Petteway,0,0, SF, 6-6, 209, 22, 0, Nebraska, Jr , United States,2015
0,Michael Qualls,0,0, G, 6-6, 205, 21, 0, Arkansas, Jr , United States,2015
0,Jordan Railey,0,0, C, 7-0, 245, 23, 0, Washington State, Sr, United States,2015
0,Jordan Sibert,0,0, SG, 6-4, 187, 22, 0, Dayton, Sr, United States,2015
0,Joshua Smith,0,0, C, 6-10, 350, 23, 0, Georgetown, Sr, United States,2015
0,Juwan Staten,0,0, G, 5-11, 186, 23, 0, West Virginia, Sr, United States,2015
0,Robert Upshaw,0,0, C, 7-0, 250, 21, 0, Washington, So , United States,2015
0,Corey Walden,0,0, G, 6-2, 189, 22, 0, Eastern Kentucky, Sr, United States,2015
0,Chris Walker,0,0, PF, 6-10, 220, 20, 0, Florida, So , United States,2015
0,Yogi Ferrell,0,0, G, 6-0, 180, 23, 2, Indiana, Sr, United States,2016
0,Marcus Georges-Hunt,0,0, G, 6-5, 215, 22, 2, Georgia Tech, Sr, United States,2016
0,Gary Payton II,0,0, G, 6-3, 190, 23, 2, Oregon State, Sr, United States,2016
0,Alex Poythress,0,0, F, 6-9, 235, 22, 2, Kentucky, Sr, United States,2016
0,Fred VanVleet,0,0, G, 6-0, 195, 22, 2, Wichita State, Sr, United States,2016
0,Ryan Arcidiacono,0,0, G, 6-3, 200, 22, 1, Villanova, Sr, United States,2016
0,Alex Caruso,0,0, G, 6-5, 186, 22, 1, Texas A&amp;M, Sr, United States,2016
0,Matt Costello,0,0, C, 6-10, 240, 22, 1, Michigan State, Sr, United States,2016
0,Joshia Gray,0,0, G, 6-1, 175, 22, 1, LSU, Sr, United States,2016
0,Shaquille Harrison,0,0, G, 6-4, 190, 22, 1, Tulsa, Sr, United States,2016
0,Prince Ibeh,0,0, C, 6-10, 260, 22, 1, Texas, Sr, United States,2016
0,Daniel Ochefu,0,0, F, 6-11, 240, 22, 1, Villanova, Sr, United States / Nigeria,2016
0,Mike Tobey,0,0, C, 7-0, 260, 21, 1, Virginia, Sr, United States,2016
0,Jameel Warney,0,0, PF, 6-8, 260, 22, 1, Stony Brook, Sr, United States,2016
0,Zach Auguste,0,0, F, 6-10, 243, 22, 0, Notre Dame, Sr, United States,2016
0,Beau Beech,0,0, F, 6-9, 215, 22, 0, North Florida, Sr, United States,2016
0,Elgin Cook,0,0, F, 6-6, 206, 23, 0, Oregon, Sr, United States,2016
0,Jaleel Cousins,0,0, C, 6-11, 255, 22, 0, South Florida, Sr, United States,2016
0,Cody Demps,0,0, G, 6-4, 195, 22, 0, Sacramento State, Sr, United States,2016
0,Kellen Dunham,0,0, G, 6-4, 205, 23, 0, Butler, Sr, United States,2016
0,Perry Ellis,0,0, PF, 6-7, 220, 22, 0, Kansas, Sr, United States,2016
0,Alex Hamilton,0,0, G, 6-4, 195, 22, 0, Louisiana Tech, Sr, United States,2016
0,Stefan Jankovic,0,0, F, 6-11, 235, 22, 0, Hawaii, Jr , Canada,2016
0,Codi Miller-McIntyre,0,0, G, 6-3, 205, 22, 0, Wake Forest, Sr, United States,2016
0,Landry Nnoko,0,0, FC, 6-10, 250, 22, 0, Clemson, Sr, Cameroon,2016
0,Chris Obekpa,0,0, PF, 6-9, 230, 22, 0, UNLV, Jr , United States / Nigeria,2016
0,D'Vauntes Smith-Rivera,0,0, G, 6-3, 215, 23, 0, Georgetown, Sr, United States,2016
0,Rasheed Sulaimon,0,0, SG, 6-4, 194, 22, 0, Maryland, Sr, United States,2016
0,Kaleb Tarczewski,0,0, C, 7-0, 250, 23, 0, Arizona, Sr, United States,2016
0,Gabe York,0,0, SG, 6-3, 184, 22, 0, Arizona, Sr, United States,2016
0,Ron Baker,0,0, G, 6-4, 220, 23, 2, Wichita State, Sr, United States,2016
0,Dorian Finney-Smith,0,0, SF, 6-8, 220, 23, 2, Florida, Sr, United States,2016
0,Bryn Forbes,0,0, G, 6-3, 190, 22, 2, Michigan State, Sr, United States,2016
0,Danuel House,0,0, F, 6-7, 207, 23, 2, Texas A&amp;M, Sr, United States,2016
0,Derrick Jones,0,0, SF, 6-7, 200, 19, 2, UNLV, Fr , United States,2016
0,Sheldon Mac,0,0, SG, 6-5, 205, 23, 2, Miami (FL), Sr, United States,2016
0,David Nwaba,0,0, G, 6-4, 219, 23, 2, Cal Poly, Sr, United States,2016
0,Marshall Plumlee,0,0, PF, 7-1, 250, 23, 2, Duke, Sr, United States,2016
0,Tim Quarterman,0,0, G, 6-6, 195, 21, 2, LSU, Jr , United States,2016
0,Wayne Selden,0,0, SG, 6-5, 230, 21, 2, Kansas, Jr , United States,2016
0,Isaiah Taylor,0,0, G, 6-3, 170, 21, 2, Texas, Jr , United States,2016
0,Troy Williams,0,0, SF, 6-7, 210, 21, 2, Indiana, Jr , United States,2016
0,Kyle Collinsworth,0,0, G, 6-6, 210, 24, 1, Brigham Young, Sr, United States,2016
0,Patricio Garino,0,0, SF, 6-6, 203, 23, 1, George Washington, Sr, Argentina,2016
0,Jalen Jones,0,0, SG, 6-7, 220, 23, 1, Texas A&amp;M, Sr, United States,2016
0,Damion Lee,0,0, G, 6-6, 210, 23, 1, Louisville, Sr, United States,2016
0,Shawn Long,0,0, F, 6-9, 255, 23, 1, Louisiana, Sr, United States,2016
0,Jarrod Uthoff,0,0, F, 6-9, 221, 23, 1, Iowa, Sr, United States,2016
0,James Webb III,0,0, F, 6-9, 202, 22, 1, Boise State, Jr , United States,2016
0,Kyle Wiltjer,0,0, PF, 6-10, 240, 23, 1, Gonzaga, Sr, Canada / United States,2016
0,Andrew Andrews,0,0, PG, 6-2, 200, 23, 0, Washington, Sr, United States,2016
0,Brandon Austin,0,0, G, 6-6, 185, 22, 0, Northwest Florida State College, So , United States,2016
0,Gracin Bakumanya,0,0, C, 6-11, 220, 18, 0, Antibes (France), 1997 DOB , Democratic Republic of the Congo,2016
0,Cat Barber,0,0, G, 6-1, 173, 21, 0, NC State, Jr , United States,2016
0,Vashil Fernandez,0,0, FC, 6-10, 260, 24, 0, Valparaiso, Sr, Jamaica,2016
0,Quincy Ford,0,0, SF, 6-8, 225, 23, 0, Northeastern, Sr, United States,2016
0,Trey Freeman,0,0, G, 6-2, 185, 23, 0, Old Dominion, Sr, United States,2016
0,Keith Hornsby,0,0, G, 6-4, 210, 24, 0, LSU, Sr, United States,2016
0,Julian Jacobs,0,0, G, 6-4, 180, 21, 0, USC, Jr , United States,2016
0,Nikola Jovanovic,0,0, FC, 6-11, 240, 22, 0, USC, Jr , Serbia,2016
0,Trey Lewis,0,0, PG, 6-2, 185, 23, 0, Louisville, Sr, United States,2016
0,Egidijus Mockevicius,0,0, PF, 6-10, 237, 23, 0, Evansville, Sr, Lithuania,2016
0,Mamadou Ndiaye,0,0, C, 7-6, 300, 22, 0, UC Irvine, Jr , Senegal / United States,2016
0,Ike Nwamu,0,0, GF, 6-5, 210, 23, 0, UNLV, Sr, United States / Nigeria,2016
0,Angel Rodriguez,0,0, PG, 5-11, 181, 23, 0, Miami (FL), Sr, Puerto Rico / United States,2016
0,Thomas Walkup,0,0, G, 6-4, 195, 23, 0, Stephen F. Austin, Sr, United States,2016
0,Devin Williams,0,0, PF, 6-9, 255, 22, 0, West Virginia, Jr , United States,2016
0,Nick Zeisloft,0,0, G, 6-4, 185, 23, 0, Indiana, Sr, United States,2016
0,Chris Boucher,0,0, PF, 6-10, 200, 24, 1, Oregon, Sr, Saint Lucia / Canada,2017
0,Antonius Cleveland,0,0, G, 6-6, 198, 23, 1, Southeast Missouri State, Sr, United States,2017
0,Isaiah Hicks,0,0, PF, 6-9, 240, 22, 1, North Carolina, Sr, United States,2017
0,Luke Kornet,0,0, F, 7-1, 250, 21, 1, Vanderbilt, Sr, United States,2017
0,Ben Moore,0,0, F, 6-8, 220, 22, 1, Southern Methodist, Sr, United States,2017
0,Jaylen Morris,0,0, G, 6-5, 192, 21, 1, Molloy, Sr, United States,2017
0,London Perrantes,0,0, G, 6-2, 190, 22, 1, Virginia, Sr, United States,2017
0,Derrick Walton Jr.,0,0, PG, 6-1, 190, 22, 1, Michigan, Sr, United States,2017
0,Bryce Alford,0,0, G, 6-3, 185, 22, 0, UCLA, Sr, United States,2017
0,Steph Branch,0,0, G, 6-5, 208, 21, 0, West Georgia, Sr, United States,2017
0,Troy Caupain,0,0, G, 6-4, 210, 21, 0, Cincinnati, Sr, United States,2017
0,Jeff Coby,0,0, F, 6-8, 225, 23, 0, Columbia, Sr, United States,2017
0,Daniel Dixon,0,0, G, 6-6, 210, 23, 0, William &amp; Mary, Sr, United States,2017
0,Billy Garrett,0,0, SG, 6-6, 215, 22, 0, DePaul, Sr, United States,2017
0,Isaac Hamilton,0,0, SG, 6-4, 185, 23, 0, UCLA, Sr, United States,2017
0,Matt Jones,0,0, SG, 6-5, 204, 22, 0, Duke, Sr, United States,2017
0,Bronson Koenig,0,0, G, 6-3, 194, 22, 0, Wisconsin, Sr, United States,2017
0,JeQuan Lewis,0,0, G, 6-0, 170, 22, 0, VCU, Sr, United States,2017
0,Marc Loving,0,0, F, 6-8, 220, 22, 0, Ohio State, Sr, United States,2017
0,Jeremy Morgan,0,0, G, 6-5, 192, 22, 0, Northern Iowa, Sr, United States,2017
0,Luke Petrasek,0,0, F, 6-10, 215, 21, 0, Columbia, Sr, United States,2017
0,Tarik Phillip,0,0, G, 6-3, 195, 23, 0, West Virginia, Sr, United States / England,2017
0,Kendall Pollard,0,0, F, 6-6, 210, 22, 0, Dayton, Sr, United States,2017
0,Jeremy Senglin,0,0, G, 6-0, 190, 22, 0, Weber State, Sr, United States,2017
0,Scoochie Smith,0,0, G, 6-2, 180, 22, 0, Dayton, Sr, United States,2017
0,Rashawn Thomas,0,0, F, 6-8, 230, 22, 0, Texas A&amp;M-CC, Sr, United States,2017
0,Paul Watson,0,0, GF, 6-8, 210, 22, 0, Fresno State, Sr, United States,2017
0,T.J. Williams,0,0, G, 6-3, 205, 22, 0, Northeastern, Sr, United States,2017
0,Derek Willis,0,0, PF, 6-9, 228, 22, 0, Kentucky, Sr, United States,2017
0,Jamel Artis,0,0, F, 6-7, 213, 24, 1, Pittsburgh, Sr, United States,2017
0,Antonio Blakeney,0,0, SG, 6-4, 192, 20, 1, LSU, So , United States,2017
0,Tyler Cavanaugh,0,0, F, 6-9, 238, 23, 1, George Washington, Sr, United States,2017
0,Gian Clavell,0,0, G, 6-4, 185, 23, 1, Brujos de Guayama (United States), 1993 DOB, Puerto Rico / United States,2017
0,Charles Cooke,0,0, G, 6-5, 195, 22, 1, Dayton, Sr, United States,2017
0,Milton Doyle,0,0, G, 6-4, 180, 23, 1, Loyola (IL), Sr, United States,2017
0,P.J. Dozier,0,0, PG, 6-6, 205, 20, 1, South Carolina, So , United States,2017
0,Nigel Hayes,0,0, F, 6-8, 255, 22, 1, Wisconsin, Sr, United States,2017
0,Amile Jefferson,0,0, PF, 6-9, 224, 24, 1, Duke, Sr, United States,2017
0,Jaylen Johnson,0,0, F, 6-9, 235, 20, 1, Louisville, Jr , United States,2017
0,Naz Long,0,0, PG, 6-4, 218, 23, 1, Iowa State, Sr, Canada,2017
0,Erik McCree,0,0, F, 6-8, 225, 23, 1, Louisiana Tech, Sr, United States,2017
0,Rodney Purvis,0,0, G, 6-4, 205, 23, 1, Connecticut, Sr, United States,2017
0,Xavier Rathan-Mayes,0,0, SG, 6-4, 210, 23, 1, Florida State, Jr , Canada,2017
0,Kobi Simmons,0,0, PG, 6-5, 166, 19, 1, Arizona, Fr , United States,2017
0,Andrew White,0,0, F, 6-7, 210, 24, 1, Syracuse, Sr, United States,2017
0,Matt Williams,0,0, G, 6-5, 210, 23, 1, UCF, Sr, United States,2017
0,Canyon Barry,0,0, SG, 6-6, 215, 23, 0, Florida, Sr, United States,2017
0,V.J. Beachem,0,0, F, 6-8, 200, 22, 0, Notre Dame, Sr, United States,2017
0,James Blackmon Jr.,0,0, SG, 6-4, 200, 22, 0, Indiana, Jr , United States,2017
0,Amida Brimah,0,0, C, 6-10, 230, 23, 0, Connecticut, Sr, Ghana,2017
0,Isaiah Briscoe,0,0, PG, 6-3, 210, 21, 0, Kentucky, So , United States,2017
0,Deonte Burton,0,0, F, 6-5, 245, 23, 0, Iowa State, Sr, United States,2017
0,Torian Graham,0,0, G, 6-5, 195, 24, 0, Arizona State, Sr, United States,2017
0,Dusty Hannahs,0,0, GF, 6-3, 210, 23, 0, Arkansas, Sr, United States,2017
0,Terry Henderson,0,0, SG, 6-4, 200, 23, 0, NC State, Sr, United States,2017
0,Isaac Humphries,0,0, C, 7-0, 260, 19, 0, Kentucky, So , Australia,2017
0,Ike Iroegbu,0,0, G, 6-2, 195, 22, 0, Washington State, Sr, United States / Nigeria,2017
0,Peter Jok,0,0, G, 6-6, 205, 23, 0, Iowa, Sr, South Sudan,2017
0,Tidjan Keita,0,0, SF, 6-10, 205, 20, 0,  , 1996 DOB , France,2017
0,Jordan Mathews,0,0, SG, 6-4, 203, 23, 0, Gonzaga, Sr, United States,2017
0,Tahjere McCall,0,0, G, 6-5, 190, 22, 0, Tennessee State, Sr, United States,2017
0,Kennedy Meeks,0,0, PF, 6-10, 277, 22, 0, North Carolina, Sr, United States,2017
0,Kamari Murphy,0,0, PF, 6-9, 218, 23, 0, Miami (FL), Sr, United States,2017
0,Cameron Oliver,0,0, F, 6-8, 225, 20, 0, Nevada, So , United States,2017
0,L.J. Peak,0,0, GF, 6-5, 215, 21, 0, Georgetown, Jr , United States,2017
0,Trevor Thompson,0,0, F, 7-0, 250, 23, 0, Ohio State, Jr , United States,2017
0,Melo Trimble,0,0, SG, 6-3, 195, 22, 0, Maryland, Jr , United States,2017
0,Jacorey Williams,0,0, PF, 6-8, 220, 23, 0, Middle Tennessee State, Sr, United States,2017
0,George de Paula,0,0, G, 6-6, 194, 21, 0, Paulistano (Brazil), 1996 DOB , Brazil,2017
0,Jaylen Adams,0,0, PG, 6-2, 190, 22, 0, St. Bonaventure, Sr, United States,2018
0,C.J. Anderson,0,0, G, 6-6, 207, 22, 0, Massachusetts, Sr, United States,2018
0,Jaylen Barford,0,0, SG, 6-2, 207, 22, 0, Arkansas, Sr, United States,2018
0,Jordan Barnett,0,0, SF, 6-7, 215, 22, 0, Missouri, Sr, United States,2018
0,Justin Bibbs,0,0, G, 6-5, 220, 22, 0, Virginia Tech, Sr, United States,2018
0,Tim Bond,0,0, G, 6-6, 170, 22, 0, Eastern Michigan, Sr, United States,2018
0,Chris Chiozza,0,0, PG, 6-0, 175, 22, 0, Florida, Sr, United States,2018
0,Gary Clark,0,0, SF, 6-8, 225, 23, 0, Cincinnati, Sr, United States,2018
0,Bonzie Colson Jr.,0,0, PF, 6-6, 224, 22, 0, Notre Dame, Sr, United States,2018
0,Matt Farrell,0,0, PG, 6-1, 175, 22, 0, Notre Dame, Sr, United States,2018
0,Donte Grantham,0,0, PF, 6-8, 205, 23, 0, Clemson, Sr, United States,2018
0,Isaac Haas,0,0, C, 7-2, 290, 22, 0, Purdue, Sr, United States,2018
0,Donte Ingram,0,0, GF, 6-6, 215, 21, 0, Loyola (IL), Sr, United States,2018
0,Robert Johnson,0,0, SG, 6-4, 195, 23, 0, Indiana, Sr, United States,2018
0,Jemerrio Jones,0,0, F, 6-5, 201, 23, 0, New Mexico State, Sr, United States,2018
0,Tiwian Kendley,0,0, SG, 6-5, 190, 23, 0, Morgan State, Sr, United States,2018
0,Oleksandr Kobets,0,0, SG, 6-6, 205, 22, 0, SK Cherkasy Monkeys (Ukraine), 1996 DOB, Ukraine,2018
0,William Lee,0,0, F, 6-9, 206, 23, 0, UAB, Sr, United States,2018
0,Scottie Lindsey,0,0, SG, 6-5, 210, 22, 0, Northwestern, Sr, United States,2018
0,Yante Maten,0,0, PF, 6-8, 240, 21, 0, Georgia, Sr, United States,2018
0,Jordan McLaughlin,0,0, G, 6-1, 185, 22, 0, USC, Sr, United States,2018
0,Nuni Omot,0,0, SF, 6-9, 205, 23, 0, Baylor, Sr, United States,2018
0,Jeff Roberson,0,0, F, 6-6, 220, 21, 0, Vanderbilt, Sr, United States,2018
0,Desi Rodriguez,0,0, SF, 6-6, 220, 22, 0, Seton Hall, Sr, United States,2018
0,Zach Smith,0,0, SF, 6-8, 220, 22, 0, Texas Tech, Sr, United States,2018
0,Elijah Stewart,0,0, SF, 6-5, 194, 22, 0, USC, Sr, United States,2018
0,Taren Sullivan,0,0, F, 6-6, 220, 22, 0, Findlay, Sr, United States,2018
0,Emanuel Terry,0,0, F, 6-9, 220, 22, 0, Lincoln Memorial, Sr, United States,2018
0,Gabe Vincent,0,0, G, 6-3, 200, 22, 0, UC Santa Barbara, Sr, United States,2018
0,Tyrius Walker,0,0, G, 6-1, 185, 22, 0, Morehouse, Sr, United States,2018
0,Isaiah Wilkins,0,0, F, 6-8, 205, 22, 0, Virginia, Sr, United States,2018
0,Deng Adel,0,0, SF, 6-7, 200, 21, 0, Louisville, Jr , South Sudan / Australia,2018
0,Braian Angola-Rodas,0,0, F, 6-6, 195, 24, 0, Florida State, Sr, Colombia,2018
0,Joel Berry,0,0, PG, 6-0, 195, 23, 0, North Carolina, Sr, United States,2018
0,Phil Carr,0,0, PF, 6-8, 205, 22, 0, Morgan State, Sr, United States,2018
0,Jeffrey Carroll,0,0, SF, 6-6, 210, 23, 0, Oklahoma State, Sr, United States,2018
0,Joe Chealey,0,0, PG, 6-3, 190, 22, 0, Charleston, Sr, United States,2018
0,Markel Crawford,0,0, SG, 6-4, 210, 23, 0, Ole Miss, Sr, United States,2018
0,Devin Davis,0,0, F, 6-6, 225, 23, 0, Houston, Sr, United States,2018
0,Demetrius Denzel-Dyson,0,0, G, 6-5, 205, 23, 0, Samford, Sr, United States,2018
0,Marcus Derrickson,0,0, PF, 6-7, 249, 22, 0, Georgetown, Jr , United States,2018
0,Kaiser Gates,0,0, SF, 6-8, 227, 21, 0, Xavier, Jr , United States,2018
0,Brandon Goodwin,0,0, PG, 6-2, 180, 22, 0, Florida Gulf Coast, Sr, United States,2018
0,Rob Gray,0,0, PG, 6-4, 185, 24, 0, Houston, Sr, United States,2018
0,Johnny Hamilton,0,0, C, 7-0, 230, 24, 0, Texas-Arlington, Sr, United States,2018
0,D.J. Hogg,0,0, SF, 6-9, 215, 21, 0, Texas A&amp;M, Jr , United States,2018
0,B.J. Johnson,0,0, SF, 6-7, 200, 22, 0, La Salle, Sr, United States,2018
0,Darin Johnson,0,0, G, 6-5, 191, 23, 0, Delaware 87ers, 1995 DOB, United States,2018
0,Ismaila Kane,0,0, C, 6-9, 200, 23, 0, Atlanta Metropolitan, Fr , United States / Senegal,2018
0,Nicholas King,0,0, SF, 6-7, 225, 22, 0, Middle Tennessee State, Sr, United States,2018
0,Terry Larrier,0,0, SF, 6-8, 192, 22, 0, Connecticut, Jr , United States,2018
0,Marcus Lee,0,0, C, 6-10, 225, 23, 0, California, Sr, United States,2018
0,Zach Lofton,0,0, G, 6-4, 180, 25, 0, New Mexico State, Sr, United States,2018
0,Jairus Lyles,0,0, G, 6-2, 175, 22, 0, UMBC, Sr, United States,2018
0,Brandon McCoy,0,0, C, 7-1, 250, 20, 0, UNLV, Fr , United States,2018
0,Doral Moore,0,0, C, 7-1, 280, 21, 0, Wake Forest, Jr , United States,2018
0,Malik Newman,0,0, SG, 6-3, 190, 21, 0, Kansas, So , United States,2018
0,Kendrick Nunn,0,0, SG, 6-3, 190, 22, 0, Oakland, Sr, United States,2018
0,Theo Pinson,0,0, SG, 6-6, 218, 22, 0, North Carolina, Sr, United States,2018
0,Cam Reynolds,0,0, F, 6-8, 225, 23, 0, Tulane, Sr, United States,2018
0,Duncan Robinson,0,0, F, 6-8, 210, 24, 0, Michigan, Sr, United States,2018
0,Brandon Sampson,0,0, SG, 6-5, 184, 21, 0, LSU, Jr , United States,2018
0,Jonathan Stark,0,0, PG, 6-0, 180, 23, 0, Murray State, Sr, United States,2018
0,Allonzo Trier,0,0, SG, 6-5, 200, 22, 0, Arizona, Jr , United States,2018
0,Johnathan Williams,0,0, PF, 6-9, 230, 23, 0, Gonzaga, Sr, United States,2018
0,Kenrich Williams,0,0, SF, 6-7, 210, 23, 0, Texas Christian, Sr, United States,2018
